rank,Account Name,No. of Employees,Website,HQ Billing Country,Billing State/Province,Billing City,Billing Street,Billing Zip/Postal Code,Industry,LinkedIn Company Id,Account LinkedIn URL,Core Account Fit Tier,score_size,score_industry,score_tier,score_data,lead_score,category,web_verdict,web_notes,us_contactability,hr_contacts
1,Icon,199,iconplc.com,,Massachusetts,Marlborough,Castletroy V94 8n76,d18 x5r3,Pharmaceutical Manufacturing,2246404.0,https://www.linkedin.com/company/aptiv-solutions,Tier 1,40,30,20.0,10,100.0,X - Disqualified (verified stale/acquired),DISQUALIFY,Acquired by ICON plc (40k-EE CRO) in 2014; stale record,,
2,Arena AI,166,arena-ai.com,,New York,New York,33 Irving Place,10003,Software Development,35670183.0,https://www.linkedin.com/company/arena-ai/,Tier 1,40,30,20.0,10,100.0,A - Hot (contact first),STRONG,$30M Series B Apr 2025; ~29 open roles; hiring recruiter; no People leadership,HIGH (NYC leadership),VACANT - Head of Talent left Sept 2025; use Chief of Staff Aaron Zelinger
3,Touchstorm,103,touchstorm.com,,Virginia,Midlothian,450 Lexington Avenue,10017,Advertising Services,1085010.0,http://www.linkedin.com/company/touchstorm,Tier 1,40,30,20.0,10,100.0,A - Hot (contact first),GOOD,"~100 staff across 26 countries (global/EOR angle); but shrinking, CRO departed","MEDIUM (US HR in Richmond VA, but most staff overseas)",
4,Autobooks,100,autobooks.co,,Michigan,Detroit,1555 Broadway Street,48226,Financial Services,10344444.0,https://www.linkedin.com/company/autobooks-co,Tier 1,40,30,20.0,10,100.0,A - Hot (contact first),STRONG,$40M + 2 acquisitions in 12 months; multi-entity payroll consolidation pain NOW,HIGH (Detroit leadership),"YES - Brian DeLeon, Dir HR & TA (Detroit)"
5,MultiAd,79,syndigo.com,,Illinois,Peoria,30 N LaSalle Suite 3500,60602,Advertising Services,165070.0,https://www.linkedin.com/company/multiad,Tier 1,40,30,20.0,10,100.0,X - Disqualified (verified stale/acquired),DISQUALIFY,Absorbed into Syndigo (via SGS); multiad.com redirects,,
6,Litmus - Customer,85,litmus.com,,Massachusetts,Cambridge,675 Massachusetts Avenue,2139,Software Development,2474773.0,https://www.linkedin.com/company/litmus-com,Tier 1,40,30,20.0,10,100.0,X - Disqualified (verified stale/acquired),DISQUALIFY,Acquired by Validity Apr 2025,,
7,Bio-optronics,90,bio-optronics.com,,New York,Rochester,,,Software Development,112214.0,https://www.linkedin.com/company/bio-optronics,Tier 1,40,30,20.0,10,100.0,X - Disqualified (verified stale/acquired),DISQUALIFY,Acquired by Advarra Mar 2021,,
8,Io.net,92,io.net,,New York,New York,447 Broadway,10013,Technology Information and Internet,14643908.0,https://www.linkedin.com/company/ionet-official,Tier 1,40,30,20.0,10,100.0,A - Hot (contact first),STRONG,$40M raised; fully remote multi-jurisdiction ~90 EE; new CEO; no HR function visible,"HIGH (US-based, remote)",THIN - only regional HR in Dubai; go via CEO/COO
9,Fishbowl,73,fishbowlapp.com,,New York,New York,2627 E Beltline Ave SE Ste 330,10000,Technology Information and Internet,9493136.0,https://www.linkedin.com/company/fishbowlapp,Tier 1,40,30,20.0,10,100.0,X - Disqualified (verified stale/acquired),DISQUALIFY,Acquired by Glassdoor Sept 2021,,
10,Forj,59,forj.ai,,Wisconsin,Milwaukee,"Virtual Event Place, Inc. 20875 Crossroads Cir #100",53186,Software Development,73949046.0,https://www.linkedin.com/company/forj-ai,Tier 1,40,30,20.0,10,100.0,A - Hot (contact first),GOOD,"Merged from 3 companies, 4-continent staff, new CFO/CRO; consolidation pitch",HIGH (Milwaukee leadership),
11,FundGuard,177,fundguard.com,,New York,New York,430 Park Avenue,10022,Financial Services,33262287.0,https://www.linkedin.com/company/fundguard,Tier 1,40,30,20.0,10,100.0,A - Hot (contact first),GOOD,$100M Series C Mar 2024; offices NY/Boston/London/Toronto/Tel Aviv; decision-maker may sit in TLV,MEDIUM (people decision-maker likely in Tel Aviv),SPLIT - VP HR Li Carmel in Tel Aviv; US contact Melissa Monahan (Boston)
12,Kriptos,67,kriptos.io,,Florida,Hollywood,424 Johnson Street,94965,Data Security Software Products,11533395.0,https://www.linkedin.com/company/kriptos,Tier 1,40,30,20.0,10,100.0,A - Hot (contact first),WEAK,"Real HQ Quito Ecuador, ~34 actual EE; no funding since 2022","LOW (leadership in Quito, Ecuador)",
13,ThinkCERCA,55,thinkcerca.com,,Illinois,Chicago,515 North State Street,60654,E-Learning Providers,2738213.0,https://www.linkedin.com/company/thinkcerca,Tier 1,40,30,20.0,10,100.0,A - Hot (contact first),GOOD,"Remote-friendly, multi-state + contract scorers; no funding since 2017 (budget risk)",HIGH (Chicago leadership),
14,Highway.ai,56,highway.ai,,New Jersey,-,,7733,Technology Information and Internet,92637064.0,https://www.linkedin.com/company/highwayai,Tier 1,40,30,20.0,10,100.0,A - Hot (contact first),GOOD,Actually MBS Highway/Highway; ~54 EE on 3 continents; 2 merged entities to consolidate,HIGH (NJ leadership),
15,Territorium,81,territorium.com,,Texas,San Antonio,,78205,Software Development,2651137.0,https://www.linkedin.com/company/territoriumlife,Tier 1,40,30,20.0,10,100.0,A - Hot (contact first),GOOD,US+Mexico+Colombia footprint = global/EOR pitch; US headcount may be small,MEDIUM (much of org in Mexico/Colombia),
16,Verivo Software,76,verivo.com,,Massachusetts,Waltham,1000 Winter St,2451,Software Development,2164.0,https://www.linkedin.com/company/verivo,Tier 1,40,30,20.0,10,100.0,X - Disqualified (verified stale/acquired),DISQUALIFY,Defunct; assets to Appery/Exadel in 2015,,
17,BlueLabs,80,bluelabs.com,,District of Columbia,Washington,700 14th Street Northwest,20005,IT Services and IT Consulting,3307133.0,https://www.linkedin.com/company/bluelabsanalytics,Tier 1,40,30,20.0,10,100.0,A - Hot (contact first),STRONG,"~87 EE growing, ~15 open roles, Director of People Ops exists, incumbent HRIS to displace",HIGH (DC leadership),YES - Director of People Operations (name TBD)
18,Origin AI,68,originwirelessai.com,,Maryland,Greenbelt,7500 Greenway Center Drive,20770,Embedded Software Products,35489207.0,https://www.linkedin.com/company/originwirelessai,Tier 1,40,30,20.0,10,100.0,X - Disqualified (verified stale/acquired),DISQUALIFY,Acquired by ADT for $170M Feb 2026 (SEC 8-K),,
19,Decrypt,57,decrypt.co,,New York,Brooklyn,49 Bogart St,11206,Internet News,11818546.0,https://www.linkedin.com/company/decrypt-media,Tier 1,40,30,20.0,10,100.0,A - Hot (contact first),GOOD,Merged into DASTAN parent; ~57 fully remote EE; sell at parent level; light hiring,HIGH (US-based parent),
20,Seekr Technologies,126,seekr.com,,Virginia,Vienna,109 Ludlow Street,10002,Technology Information and Internet,74321156.0,https://www.linkedin.com/company/seekrtechnologies,Tier 1,40,30,20.0,10,100.0,A - Hot (contact first),STRONG,$100M Series C at $1.2B; NEW Chief People Officer; aggressive hiring — call first,"HIGH (VA leadership, US CPO)","YES - Darcey Villasenor, CPO (Vienna VA)"
21,Rapid Acceleration Partners,67,rapidautomation.ai,,Texas,Irving,2251 Longview Road,75063,Software Development,13389854.0,https://www.linkedin.com/company/rapid-acceleration-partners,Tier 1,40,30,20.0,10,100.0,A - Hot (contact first),WEAK,Workforce concentrated in Chennai India; tiny US payroll footprint,"LOW (workforce/hiring in Chennai, India)",
22,True North Advisors,78,truenorthadvisors.com,,Texas,Dallas,3131 Turtle Creek Boulevard,75219,Investment Management,127558.0,https://www.linkedin.com/company/true-north-advisors,Tier 1,40,30,20.0,10,100.0,A - Hot (contact first),STRONG,PE-backed serial acquirer (2 deals in 10 mo); TX+CA multi-entity payroll pain; greenfield HR,HIGH (Dallas leadership),"YES - Bernadeta Thomas SPHR, Dir HR (Dallas, on company site)"
23,B3 Group,54,b3groupinc.com,,Virginia,Herndon,13241 Woodland Park Road #500,20171,IT Services and IT Consulting,2341501.0,https://www.linkedin.com/company/b3-group-inc,Tier 1,40,30,20.0,10,100.0,X - Disqualified (verified stale/acquired),DISQUALIFY,"Acquired by Octo 2022, then IBM 2023",,
24,HR Director,63,www.practifi.com,,Illinois,,,60607,Technology Information and Internet,,https://www.linkedin.com/company/practifi/,Tier 1,40,30,20.0,8,98.0,A - Hot (contact first),GOOD,Record mislabeled — actually Practifi; 63 EE across Sydney/Chicago/London; fix CRM name,MEDIUM (founders/HQ in Sydney; Chicago office exists),
25,Digital Economist,84,thedigitaleconomist.com,,District of Columbia,Washington,906 D Street Northeast,20002,IT Services and IT Consulting,,https://www.linkedin.com/company/thedigitaleconomist,Tier 1,40,30,20.0,8,98.0,A - Hot (contact first),WEAK,Headcount inflated by unpaid fellows; real team likely <20,"MEDIUM (DC core team, but tiny)",
26,ClickSquared,90,clicksquared.com,,Massachusetts,Boston,,,Advertising Services,,https://www.linkedin.com/company/clicksquared-inc.,Tier 1,40,30,20.0,8,98.0,X - Disqualified (verified stale/acquired),DISQUALIFY,Acquired by Zeta Interactive Jan 2014; 12+ years stale,,
27,Vault Insurance,237,vaultinsurance.com,,New York,,,,Insurance,,https://www.linkedin.com/company/vaultinsurance,Tier 1,40,30,20.0,8,98.0,A - Hot (contact first),STRONG,"~246 EE in all 50 states, profitable, PE-backed; textbook multi-state compliance pitch",HIGH (FL/NY leadership),NOT INDEXED - open via CEO/COO office
28,Credit Union of New Jersey,78,cunj.com,,New Jersey,Ewing,1301 Parkway Ave,,Financial Services,,https://www.linkedin.com/company/credit-union-of-new-jersey,Tier 1,40,30,20.0,8,98.0,A - Hot (contact first),WEAK,"Single-state, slow-growth, regulated; no triggers; nurture","HIGH (NJ, single state)",
29,Roots,147,roots.ai,,New York,,,,Software Development,,https://www.linkedin.com/company/roots-automation,Tier 1,40,30,20.0,8,98.0,A - Hot (contact first),STRONG,"Roots Automation/Bevaya; post-Series B scaling, mid-rebrand May 2026, hiring via Ashby",HIGH (NYC leadership),"YES - Jill Minch, Talent & People Ops; CFO Sunny Chen = buyer"
30,RMG Networks Holding Corporation,161,gokorbyt.com,,Texas,Addison,15301 Dallas Pkwy Ste 500,,Software Development,,https://www.linkedin.com/company/korbyt,Tier 1,40,30,20.0,8,98.0,A - Hot (contact first),GOOD,"Now Korbyt; new exec team, NFS acquisition, UK/UAE offices; Paylocity incumbent to displace",HIGH (Dallas leadership),"YES - Jim Brown, Dir People & Culture (verify); on Paylocity"
31,Fraunhofer USA,104,fraunhofer.org,,Michigan,East Lansing,44792 Helm St,48824,Research Services,,https://www.linkedin.com/company/fraunhofer-usa,Tier 1,40,30,20.0,8,98.0,A - Hot (contact first),,,,
32,Flex,164,www.flex.one,,Florida,Richmond,,,Financial Services,,https://www.linkedin.com/company/flex-super-app,Tier 1,40,30,20.0,8,98.0,A - Hot (contact first),,,,
33,Halozyme,96,elektrofi.com,,Massachusetts,Boston,,2210,Biotechnology,,https://www.linkedin.com/company/elektrofi,Tier 1,40,28,20.0,8,96.0,A - Hot (contact first),,,,
34,TotalTek,118,totaltek.com,,Florida,Appleton,221 W College Ave,54911,IT Services and IT Consulting,35662849.0,https://www.linkedin.com/company/totaltekinc/,Tier 2,40,30,14.0,10,94.0,A - Hot (contact first),STRONG,"Fast growth (~118→~186 EE), fully remote US workforce + offshore; US buy decision sits with President Brock Bauer in Appleton WI; ignore ZoomInfo $249M/Traversari data (conflated with unrelated Totaltek Ecuador)","HIGH (President Brock Bauer + corporate G&A in Appleton, WI; offshore staff are delivery only)","YES - CPO ""Nick A."" (verify) + Matt Gehrman, Recruiting Mgr (Appleton WI)"
35,Emory Impact Investing Group,126,emoryimpactinvesting.com,,Georgia,Atlanta,,,Financial Services,18071758.0,https://www.linkedin.com/company/emoryimpactinvestinggroup,Tier 2,40,30,14.0,10,94.0,X - Disqualified (verified stale/acquired),DISQUALIFY,"Emory University student club — ""employees"" are unpaid student members",,
36,MK Marketing,125,mkmarketing.biz,,Florida,Stuart,3322 Southeast Gran Park Way,34997,Advertising Services,76860358.0,https://www.linkedin.com/company/mk-marketing-stuart,Tier 2,40,30,14.0,10,94.0,A - Hot (contact first),WEAK,Actually ~5-person in-house marketing arm of MK Brown family office; 125 EE is data-provider inflation,"HIGH (FL family office, but tiny)",
37,DigitalSuits,70,digitalsuits.co,,Texas,Austin,2 Baikal's'kyi Ln,78701,IT System Custom Software Development,10940229.0,https://www.linkedin.com/company/digitalsuits,Tier 2,40,30,14.0,10,94.0,X - Disqualified (verified stale/acquired),DISQUALIFY,"Ukraine-based dev shop (Kharkiv/Tallinn); US addresses are sales footprint only, negligible US payroll",,
38,Icode Technologies,62,icodetek.com,,Michigan,Farmington,,,Technology Information and Internet,89509007.0,https://www.linkedin.com/company/icode-tek,Tier 2,40,30,14.0,10,94.0,A - Hot (contact first),GOOD,"US engineering staffing firm, H-1B compliance pain, Eastern-time reachable, but no named leadership publicly — low-effort cold sequence only","MEDIUM (likely owner-operated from Farmington Hills MI, but zero named leadership anywhere — opaque)",
39,Rpo Hire Recruitment Process Outsourcing Services,56,rpohire.com,,Texas,McKinney,6800 Weiskopf Ave Ste 150,75070,Staffing and Recruiting,250549.0,https://www.linkedin.com/company/rpo-hire-services,Tier 2,40,30,14.0,10,94.0,A - Hot (contact first),WEAK,Mostly offshore India RPO shop; McKinney TX is a small front office,"LOW (India-based operation, TX front office)",
40,Stock Value,52,stockvalue.org,,Alabama,Birmingham,,,Financial Services,40954131.0,https://www.linkedin.com/company/stock-value,Tier 2,40,30,14.0,10,94.0,X - Disqualified (verified stale/acquired),DISQUALIFY,"Phantom LinkedIn entity — HQ address is an apartment complex, website dead, no real employees",,
41,International Space Station National Laboratory,53,issnationallab.org,,Florida,Melbourne,,,Research Services,5232775.0,https://www.linkedin.com/company/issnationallab,Tier 2,40,30,14.0,10,94.0,A - Hot (contact first),WEAK,"Real nonprofit (CASIS) with named HR Director, but zero open roles, federal funding scrutiny, ISS deorbit ~2030 sunset","HIGH (FL, named US HR Director)",
42,Coranet,53,coranet.com,,New York,New York,Washington Street,10004,IT Services and IT Consulting,85698.0,https://www.linkedin.com/company/coranet-corp,Tier 2,40,30,14.0,10,94.0,A - Hot (contact first),STRONG,"Woman-owned IT integrator operating in all 50 states, multi-state field technicians, 4x Inc 5000, hiring, new CFO = fresh economic buyer","HIGH (NYC leadership, US field staff)",NO HR TITLE - CFO Cathy Cammarano owns comp/benefits; Barbara Kohl admin/HR
43,Olon Ricerca Bioscience,204,olonricerca.com,,Ohio,Painesville,,,Pharmaceutical Manufacturing,47580.0,https://www.linkedin.com/company/olon-ricerca-bioscience,Tier 2,40,30,14.0,10,94.0,A - Hot (contact first),GOOD,"Now Olon USA LLC; OH expansion, hiring HR Manager + HR Generalist NOW = HRIS evaluation moment; pitch Okleson (owns Finance/IT/HR) and Thayer in Eastern time; Milan parent mandate is only risk","HIGH (named US buyers: Monica Thayer HR Director + Dorothie Okleson VP Finance, both Concord OH; hiring HR Manager AND HR Generalist now)","YES - Monica Thayer (HR Dir) + Dorothie Okleson (VP Fin, owns HR/IT), Concord OH"
44,Remington Medical,132,remmed.com,,Georgia,Alpharetta,6830 Meadowridge Court,30005,Medical Equipment Manufacturing,322706.0,https://www.linkedin.com/company/remington-medical-inc,Tier 2,40,30,14.0,10,94.0,A - Hot (contact first),GOOD,"US medical device maker, 132 EE across US+Asia, new FDA clearance + award momentum; no visible buying trigger",HIGH (Alpharetta GA leadership),"YES - Kelly Rawlins, Dir HR (CEO-direct) + Kim Sullivan, HR Generalist"
45,Gwynnie Bee,51,gwynniebee.com,,New York,New York,5 Pennsylvania Plaza,10001,Technology Information and Internet,3066196.0,https://www.linkedin.com/company/gwynnie-bee,Tier 2,40,30,14.0,10,94.0,X - Disqualified (verified stale/acquired),DISQUALIFY,Parent CaaStle in Chapter 7 liquidation after $300M fraud; founder pled guilty Mar 2026,,
46,Capitol Forum,50,thecapitolforum.com,,District of Columbia,Washington,1629 K Street Northwest,20006,Internet News,2774101.0,https://www.linkedin.com/company/the-capitol-forum,Tier 2,40,30,14.0,10,94.0,A - Hot (contact first),GOOD,"Bootstrapped DC investigative-news publisher; revenue $7.5M→$11.2M, ~7 open roles, likely no dedicated HR team",HIGH (DC leadership),"YES - Susan Gravatt, Dir Recruiting (company site); CFO Trevor Baine"
47,Vivanti Consulting,143,vivanti.com,,New York,New York,,,IT Services and IT Consulting,76186518.0,https://www.linkedin.com/company/vivanti-consulting/,Tier 2,40,30,14.0,10,94.0,A - Hot (contact first),WEAK,"DOWNGRADED: despite NY HQ, CEO Tony Nicol sits in Sydney and open HR roles are in Bengaluru — HRIS decision made across Sydney/India timezones; route to APAC or deprioritize","LOW (CEO in Sydney; HR/People team being built in Bengaluru, India; US offices are delivery sites)",
48,Erbe USA,144,www.erbe-usa.com,,Georgia,Atlanta,2225 Northwest Pkwy,30067,Medical Equipment Manufacturing,696710.0,https://www.linkedin.com/company/erbe-usa-inc.,Tier 2,40,30,14.0,10,94.0,A - Hot (contact first),STRONG,"US arm of German medtech Erbe; autonomous US HR with VP HR on site; ~144 EE, nationwide field sales = multi-state payroll",HIGH (Atlanta exec team + VP HR),"YES - Derrick Roy SPHR, VP of HR, Atlanta (LinkedIn+RocketReach+Adapt, in role since 2021)"
49,Dental Medical Careers,135,dental-careers.com,,Texas,Frisco,,,Staffing and Recruiting,55174840.0,https://www.linkedin.com/company/dental-careers-inc,Tier 2,40,30,14.0,10,94.0,X - Disqualified (verified stale/acquired),DISQUALIFY,Real headcount 1-10 (135 is LinkedIn staffing-firm noise); boutique recruiting shop,HIGH but irrelevant,
50,LVLY,51,lvly.tv,,New York,New York,575 Lexington Avenue,10022,Advertising Services,2683262.0,https://www.linkedin.com/company/wearelvly,Tier 2,40,30,14.0,10,94.0,A - Hot (contact first),GOOD,"Independent NYC creative studio (3 brands), ~$11M rev, new President Cara Cutrone = tooling re-eval window; freelancer-heavy = contractor payments angle",HIGH (NYC/Brooklyn),NO HR TITLE - President Cara Cutrone (Brooklyn) or Owner/CEO Ethel Rubinstein
51,Illume Advising,51,illumeadvising.com,,Wisconsin,Madison,440 Science Dr,53711,Research Services,4835533.0,https://www.linkedin.com/company/illume-advising-llc,Tier 2,40,30,14.0,10,94.0,X - Disqualified (verified stale/acquired),DISQUALIFY,Acquired by E Source (PE-backed) May 2025; HR consolidating to parent in Boulder CO,—,
52,mKonnekt,51,mkonnekt.com,,Texas,Irving,9135 Oleander Way,75063,Software Development,13358770.0,https://www.linkedin.com/company/mkonnekt,Tier 2,40,30,14.0,10,94.0,A - Hot (contact first),WEAK,Founder in Dallas but dev workforce in Hyderabad; US W-2 count likely <20,"MEDIUM (CEO US, org India)",NONE - CEO Seshu Madabushi owns decisions
53,Blue Coding,60,bluecoding.com,,Florida,Miami,"4177, 2250 Northwest 114th Avenue",33172,Software Development,10566860.0,https://www.linkedin.com/company/blue-coding-llc,Tier 2,40,30,14.0,10,94.0,A - Hot (contact first),WEAK,Miami legal shell over Santo Domingo DR nearshore staffing op; near-zero US payroll,LOW-MEDIUM,Talent person likely DR-based; CEO David Hemmat Miami (partially verified)
54,Winona IT,62,winonait.com,,Indiana,Warsaw,109 East Prairie Street,46580,IT Services and IT Consulting,19011482.0,https://www.linkedin.com/company/winonait,Tier 2,40,30,14.0,10,94.0,A - Hot (contact first),GOOD,"Real Northern Indiana MSP, hiring, in-house application forms = no ATS/HRIS incumbent; caveat LinkedIn says 11-50 EE",HIGH (Warsaw IN),"NO HR TITLE - Michelle Hazelton, Office Project Mgr; owner Michael Pahl"
55,Nyu Mcsilver Institute,64,mcsilver.nyu.edu,,New York,New York,,,Research Services,5192962.0,https://www.linkedin.com/company/nyumcsilver,Tier 2,40,30,14.0,10,94.0,X - Disqualified (verified stale/acquired),DISQUALIFY,Research institute inside NYU; HR/payroll runs through NYU central (Workday),—,
56,Its Internet Travel Solutions,65,its.com,,Texas,Dallas,"801 E Campbell Rd, Ste 320",75081,Software Development,29017500.0,https://www.linkedin.com/company/its-internet-travel-solutions,Tier 2,40,30,14.0,10,94.0,A - Hot (contact first),GOOD,"Real Dallas corporate-travel tech firm (TripEasy), Travel Weekly Power List, US exec team; soft hiring signal",HIGH (Dallas exec team),NO HR TITLE - CFO Jennifer Lichner + SVP Ops Janet Rickman (company site)
57,High Alpha Innovation - Customer,64,highalphainno.com,,Indiana,,,46204,Venture Capital and Private Equity Principals,64936975.0,https://www.linkedin.com/company/hainnovation,Tier 2,40,30,14.0,10,94.0,A - Hot (contact first),STRONG,Rebranded to ALLOY PARTNERS Mar 2025; venture builder spinning up new entities constantly = multi-entity payroll/IT from day one; CPO relationship could cascade to portfolio cos,HIGH (Indianapolis leadership),"YES - Melanie Kruger, Chief People Officer (LinkedIn+TheOrg+company team page)"
58,Bpo Solutions 24x7,68,bposolutions24x7.net,,New Jersey,New Milford,,,Telecommunications,2730247.0,https://www.linkedin.com/company/bpo-solutions-24x7,Tier 2,40,30,14.0,10,94.0,X - Disqualified (verified stale/acquired),DISQUALIFY,"Shell: residential NJ address, offshore call-center broker network in 27 countries, website refusing connections",LOW,
59,Proof Media Mix,83,proofmediamix.com,,Kentucky,Louisville,6105 Strawberry Lane,40214,Marketing Services,64642349.0,https://www.linkedin.com/company/proof-media-mix,Tier 2,40,30,14.0,10,94.0,A - Hot (contact first),STRONG,"Independent experiential marketing agency, ~$17M rev, 83 EE across KY/NY/Denver + event-staff churn = multi-state + onboarding pain; no entrenched HRIS visible",HIGH (US offices),"YES - Valerie Corcoran, Director HR & Admin Ops, Metairie LA (ZoomInfo x2 w/ company email; verify)"
60,Beesion,76,beesion.com,,Florida,Fort Lauderdale,"501 E Las Olas Blvd., Suite 200/300",33301,Information Services,369056.0,https://www.linkedin.com/company/beesion-technologies-llc-,Tier 2,40,30,14.0,10,94.0,A - Hot (contact first),WEAK,Real telecom BSS vendor but workforce across 5 LatAm tech centers; US payroll likely <15; no HR contact found,"MEDIUM (CEO/COO Fort Lauderdale, workforce LatAm)",NONE - fallback COO Roberto Quiroga
61,Precision Contracting Services,69,pcsfiber.com,,Florida,Jupiter,Guild Court,33478,IT Services and IT Consulting,8591523.0,https://www.linkedin.com/company/pcsfiber,Tier 2,40,30,14.0,10,94.0,A - Hot (contact first),STRONG,Fiber-optic contractor since 1990; ~69 EE across 6 offices in FL+NC; hourly field workforce = time-tracking/payroll pain; hiring; low-tech HR stack likely,HIGH (Jupiter FL leadership),"YES - Emily Phillips, HR Manager (LinkedIn: owns recruiting/onboarding/benefits/payroll/compliance)"
62,Dvsport,154,dvsport.com,,Pennsylvania,Pittsburgh,1 Penn Center West,15276,Software Development,2009602.0,https://www.linkedin.com/company/dvsport-inc.,Tier 2,40,30,14.0,10,94.0,A - Hot (contact first),GOOD,"Emmy-winning sports replay software (ESPN, Genius Sports partner); core staff 45-81 + seasonal multi-state stadium techs = onboarding/multi-state tax pain; Glassdoor 2.4 caveat",HIGH (Pittsburgh founder-led),NONE FOUND - route via CEO/founder Brian Lowe
63,Clarium,154,clarium.tech,,Florida,Pembroke Pines,1000 North Hiatus Road,33026,Data Security Software Products,2052643.0,https://www.linkedin.com/company/clarium-managed-services,Tier 2,40,30,14.0,10,94.0,X - Disqualified (verified stale/acquired),DISQUALIFY,"US shell over Chennai delivery org (Clarium Tech Pvt Ltd, T. Nagar); 154 EE mostly offshore",LOW,
64,Ikcon Technologies,104,ikcontech.com,,New Jersey,South Plainfield,51 Cragwood Road,7080,Software Development,33518940.0,https://www.linkedin.com/company/ikcon-technologies-inc1,Tier 2,40,30,14.0,10,94.0,X - Disqualified (verified stale/acquired),DISQUALIFY,"H-1B body shop, NJ front + Hyderabad office; HR team sits in Hyderabad",LOW,
65,Delphi-US,103,delphi-us.com,,Rhode Island,Newport,360 Thames St,2840,IT Services and IT Consulting,936832.0,https://www.linkedin.com/company/delphi-us-llc,Tier 2,40,30,14.0,10,94.0,A - Hot (contact first),GOOD,"Real Newport RI staffing firm, revenue +26% to $19.3M; ~47 real EE + W-2 contract consultants across many states = contractor payroll pitch",HIGH (Newport RI founders),NO HR TITLE - Managing Partner Sean Condon; Chief Delivery Officer Rich Braun
66,WalletHub,101,wallethub.com,,Florida,Washington,818 18th Street Northwest,20006,Technology Information and Internet,2580086.0,https://www.linkedin.com/company/wallethub,Tier 2,40,30,14.0,10,94.0,A - Hot (contact first),WEAK,"Real (Evolution Finance, Miami HQ) but workforce on 5 continents and HR Director (Cristina Brait) sits in Romania","LOW-MEDIUM (CEO Miami, HR Romania)",HR Director in Romania - US fallback CEO Odysseas Papadimitriou
67,Concept,100,conceptltd.com,,Ohio,Cleveland,,44321,Business Consulting and Services,141105.0,https://www.linkedin.com/in/jerrod-workman-aba7863b/,Tier 2,40,30,14.0,10,94.0,A - Hot (contact first),GOOD,"Real Medina OH B2B sales-development firm (100+ EE, single state, Top Workplaces 2023); high SDR churn = onboarding pain; correct LinkedIn is /company/concept-services",HIGH (Ohio leadership),NO HR NAME FOUND - founder/CEO Dan Harsh + Jeff Harsh; pull HR name from paid database
68,One Equity Partners,117,oneequity.com,,New York,New York,"510 Madison Avenue, 19th Floor,",10022,Investment Management,47363.0,https://www.linkedin.com/company/one-equity-partners,Tier 2,40,30,14.0,10,94.0,A - Hot (contact first),WEAK,Real PE firm (~$10B AUM) but only ~64 US staff + Frankfurt/Amsterdam offices; better as portfolio-referral relationship,HIGH (NY/Chicago),"NO HR HEAD - Erin Quinn, Partner & CFO (NY)"
69,Kudu Dynamics,115,kududyn.com,,Virginia,Chantilly,14425 Penrose Place,20151,Data Security Software Products,3527553.0,https://www.linkedin.com/company/kudu-dynamics-llc,Tier 2,40,30,14.0,10,94.0,X - Disqualified (verified stale/acquired),DISQUALIFY,"Acquired by Leidos for $300M cash, closed May 2025; absorbed into 43k-EE enterprise (Workday)",—,
70,NCT,148,nationalcabletechs.com,,North Carolina,Charlotte,,,Telecommunications,1138004.0,https://www.linkedin.com/company/nct,Tier 2,40,30,14.0,10,94.0,X - Disqualified (verified stale/acquired),DISQUALIFY,"Likely defunct: domain dead, Indeed reviews say owner lost the business; 148 EE unsubstantiated",—,
71,Sree Infotech,156,sreeinfotech.com,,Texas,Irving,1825 West Walnut Hill Lane,75038,IT Services and IT Consulting,823961.0,https://www.linkedin.com/company/sree-infotech-llc,Tier 2,40,30,14.0,10,94.0,X - Disqualified (verified stale/acquired),DISQUALIFY,India-linked H-1B staffing shop (82 LCAs FY22-24); real internal staff ~10-20; CRM 156 EE inflated,MEDIUM at best,
72,Adrenaline Agency,216,adrenalineagency.com,,Georgia,Atlanta,3405 Piedmont Road Northeast #300,30305,Design Services,570421.0,https://www.linkedin.com/company/adrenalinex,Tier 2,40,30,14.0,10,94.0,A - Hot (contact first),,,,
73,Vsa Partners,125,vsapartners.com,,Illinois,Chicago,"600 W Chicago Ave, Ste 250",60654,Design Services,17358.0,https://www.linkedin.com/company/vsa-partners,Tier 2,40,30,14.0,10,94.0,A - Hot (contact first),,,,
74,Kodeco,139,kodeco.com,,Virginia,McGaheysville,1882 Hawksbill Rd,22840,E-Learning Providers,2590045.0,https://www.linkedin.com/company/kodecodev,Tier 2,40,30,14.0,10,94.0,A - Hot (contact first),,,,
75,IKONIC,100,ikonicsolution.com,,Florida,Chicago,,,Information Services,81715808.0,https://www.linkedin.com/company/ikonicllc,Tier 2,40,30,14.0,10,94.0,A - Hot (contact first),,,,
76,QEO Insurance Group,104,qeo.com,,Texas,Irving,5215 North O'Connor Boulevard,75039,Insurance,4815523.0,https://www.linkedin.com/company/qeo-insurance,Tier 2,40,30,14.0,10,94.0,A - Hot (contact first),,,,
77,Soal Technologies Perfect Hire Guaranteed,210,soaltech.com,,Texas,Austin,8870 Business Park Drive,78759,Staffing and Recruiting,561793.0,https://www.linkedin.com/company/soal-technologies,Tier 2,40,30,14.0,10,94.0,A - Hot (contact first),,,,
78,Inceed,195,inceed.com,,Oklahoma,Tulsa,907 South Detroit Avenue,74120,Staffing and Recruiting,40783.0,https://www.linkedin.com/company/inceed,Tier 2,40,30,14.0,10,94.0,A - Hot (contact first),,,,
79,Arag Legal Insurance,197,araglegal.com,,Iowa,Des Moines,500 Grand Ave,50327,Insurance,1587511.0,https://www.linkedin.com/company/arag-legal,Tier 2,40,30,14.0,10,94.0,A - Hot (contact first),,,,
80,Gainor Staffing,85,gainor.net,,New York,New York,5th Avenue,10017,Staffing and Recruiting,233922.0,https://www.linkedin.com/company/gainor-staffing,Tier 2,40,30,14.0,10,94.0,A - Hot (contact first),,,,
81,Stronghold Investment Management,159,strongholdim.com,,Texas,Dallas,,75201,Investment Management,15264231.0,https://www.linkedin.com/company/strongholdim,Tier 2,40,30,14.0,10,94.0,A - Hot (contact first),,,,
82,Stellar Innovations & Solutions,130,stellar-innovations.com,,Ohio,Moraine,3131 Elbee Road,45439,IT Services and IT Consulting,8989385.0,https://www.linkedin.com/company/stellar-innovations-&-solutions-inc-,Tier 2,40,30,14.0,10,94.0,A - Hot (contact first),,,,
83,Flexday Solutions LLC,139,flexdaysolutions.com,,Illinois,Naperville,,60563,Software Development,74234365.0,https://www.linkedin.com/company/flexdaysolutions,Tier 2,40,30,14.0,10,94.0,A - Hot (contact first),,,,
84,HumanIT,166,humanit.us,,Ohio,Dayton,4058 Colonel Glenn Hwy,45431,Information Services,10915272.0,https://www.linkedin.com/company/humanit-solutions/,Tier 2,40,30,14.0,10,94.0,A - Hot (contact first),,,,
85,Ad 2 Orlando,59,ad2orlando.org,,Florida,Orlando,,,Advertising Services,430496.0,https://www.linkedin.com/company/ad-2-orlando,Tier 2,40,30,14.0,10,94.0,A - Hot (contact first),,,,
86,MediSpend,59,medispend.com,,New Hampshire,Portsmouth,100 International Drive,3801,IT Services and IT Consulting,827209.0,https://www.linkedin.com/company/medispend/,Tier 2,40,30,14.0,10,94.0,A - Hot (contact first),,,,
87,ISCorp,58,iscorp.com,,Wisconsin,Mequon,10325 North Port Washington Road,53092,Information Services,746812.0,https://www.linkedin.com/company/iscorp,Tier 2,40,30,14.0,10,94.0,A - Hot (contact first),,,,
88,Atlantis Partners Technology Architects,58,atlantispartners.com,,New Jersey,Fairfield,Route 46,7058,IT Services and IT Consulting,3177714.0,https://www.linkedin.com/company/atlantis-partners---technology-architects,Tier 2,40,30,14.0,10,94.0,A - Hot (contact first),,,,
89,meshIQ,61,meshiq.com,,New York,Plainview,,,Software Development,59814.0,https://www.linkedin.com/company/meshiq,Tier 2,40,30,14.0,10,94.0,A - Hot (contact first),,,,
90,General Vision Services,74,generalvision.com,,New York,New York,,,Insurance,10628863.0,https://www.linkedin.com/company/general-vision-services,Tier 2,40,30,14.0,10,94.0,A - Hot (contact first),,,,
91,Consolidated,78,consolidated.com.mo,,,,,,Business Consulting and Services,6838767.0,https://www.linkedin.com/company/consolidated,Tier 2,40,30,14.0,10,94.0,A - Hot (contact first),,,,
92,Front Desk Helpers Co,78,frontdeskhelpers.com,,New Jersey,Old Bridge,27 Avery Drive,8857,IT Services and IT Consulting,9183566.0,https://www.linkedin.com/company/frontdeskhelpers,Tier 2,40,30,14.0,10,94.0,A - Hot (contact first),,,,
93,Reefpoint Group,140,reefpointgroup.com,,Maryland,Annapolis,115 West Street,21401,Business Consulting and Services,11760932.0,https://www.linkedin.com/company/reefpointgroup,Tier 2,40,30,14.0,10,94.0,A - Hot (contact first),,,,
94,Lead Tag,107,leadtag.com,,Texas,DeSoto,,,IT Services and IT Consulting,9293238.0,https://www.linkedin.com/company/lead-tag,Tier 2,40,30,14.0,10,94.0,A - Hot (contact first),,,,
95,Infraware,107,infraware.com,,Indiana,Terre Haute,19 S 6th St Ste 900,47807,Software Development,153576.0,https://www.linkedin.com/company/infraware,Tier 2,40,30,14.0,10,94.0,A - Hot (contact first),,,,
96,Comdesign Infrastructure Solutions,82,comdesigninc.com,,Florida,St Petersburg,9850 16th Street North,33716,Telecommunications,963182.0,https://www.linkedin.com/company/comdesign-infrastructure-solutions-inc.,Tier 2,40,30,14.0,10,94.0,A - Hot (contact first),,,,
97,Stone Ward,67,stoneward.com,,Arkansas,Little Rock,225 East Markham Street,72201,Advertising Services,27182.0,https://www.linkedin.com/company/stone-ward,Tier 2,40,30,14.0,10,94.0,A - Hot (contact first),,,,
98,Epic Creative,67,epiccreative.com,,Wisconsin,West Bend,300 S 6th Ave,53095,Advertising Services,90316.0,https://www.linkedin.com/company/epic-creative,Tier 2,40,30,14.0,10,94.0,A - Hot (contact first),,,,
99,Jcs Solutions,96,jcssolutions.com,,Virginia,Fairfax,4114 Legato Rd,22033,IT Services and IT Consulting,10648258.0,https://www.linkedin.com/company/jcs-solutions-llc,Tier 2,40,30,14.0,10,94.0,A - Hot (contact first),,,,
100,Kenility,114,kenility.com,,Florida,Miami,,,IT Services and IT Consulting,11320211.0,https://www.linkedin.com/company/kenility,Tier 2,40,30,14.0,10,94.0,A - Hot (contact first),,,,
101,Linchpin Solutions,111,linchpinsolutions.com,,Maryland,Abingdon,6175 Guardian Gateway,21005,IT Services and IT Consulting,25046473.0,https://www.linkedin.com/company/linchpin-solutions-inc,Tier 2,40,30,14.0,10,94.0,A - Hot (contact first),,,,
102,Rre Ventures,107,rre.com,,New York,New York,130 East 59th Street,10022,Venture Capital and Private Equity Principals,56708.0,https://www.linkedin.com/company/rre-ventures,Tier 2,40,30,14.0,10,94.0,A - Hot (contact first),,,,
103,Reliable Group,246,reliablegroup.com,,New York,Hicksville,70 E Old Country Rd,11801,IT System Custom Software Development,70676.0,http://www.linkedin.com/company/reliable-group,Tier 2,40,30,14.0,10,94.0,A - Hot (contact first),,,,
104,Zendrop,94,zendrop.com,,Florida,Miami,,76043,Internet Marketplace Platforms,64285749.0,https://www.linkedin.com/company/zendrop/,Tier 2,40,30,14.0,10,94.0,A - Hot (contact first),,,,
105,Skillerszone,97,skillerszone.com,,Texas,Austin,,,IT Services and IT Consulting,95708923.0,https://www.linkedin.com/company/skillerszone,Tier 2,40,30,14.0,10,94.0,A - Hot (contact first),,,,
106,Excellis Health Solutions,97,excellishealth.com,,Pennsylvania,New Hope,4 East Bridge Street,18938,Pharmaceutical Manufacturing,3031150.0,https://www.linkedin.com/company/excellis-health-solutions,Tier 2,40,30,14.0,10,94.0,A - Hot (contact first),,,,
107,Hubtek,185,gohubtek.com,,Florida,Miami,78 SW 7th St,33130,Technology Information and Internet,35466166.0,https://www.linkedin.com/company/hubtek,Tier 2,40,30,14.0,10,94.0,A - Hot (contact first),,,,
108,ClearEdge,96,edgeit.com,,Maryland,Jessup,Guilford Road,20794,Information Services,564436.0,https://www.linkedin.com/company/clearedge-it-solutions-llc,Tier 2,40,30,14.0,10,94.0,A - Hot (contact first),,,,
109,Goizueta Investment Management Group,68,emorygimg.com,,Georgia,,,,Investment Management,5208568.0,https://www.linkedin.com/company/emory-gimg,Tier 2,40,30,14.0,10,94.0,A - Hot (contact first),,,,
110,SunviENG,66,sunvieng.com,,Texas,Dallas,,,Telecommunications,13667890.0,https://www.linkedin.com/company/sunvieng,Tier 2,40,30,14.0,10,94.0,A - Hot (contact first),,,,
111,Olivier,72,olivier-inc.com,,Texas,Dallas,1825 Market Center Boulevard #340,75207,Business Consulting and Services,15719617.0,https://www.linkedin.com/company/olivier-inc.,Tier 2,40,30,14.0,10,94.0,A - Hot (contact first),,,,
112,Jonas Fitness,95,jonasfitness.com,,Texas,Webster,"16969 North Texas Avenue, Webster, Texas, United States, 77598",77598,Software Development,3107829.0,https://www.linkedin.com/company/jonas-fitness-inc-,Tier 2,40,30,14.0,10,94.0,A - Hot (contact first),,,,
113,Parts Life,66,partslifeinc.com,,New Jersey,Moorestown,Twosome Drive,8077,Aviation and Aerospace Component Manufacturing,1511672.0,https://www.linkedin.com/company/partslifeinc,Tier 2,40,30,14.0,10,94.0,A - Hot (contact first),,,,
114,Cyzerg,80,cyzerg.com,,Florida,Miami,7951 Riviera Boulevard,33023,IT Services and IT Consulting,5182797.0,https://www.linkedin.com/company/cyzerg,Tier 2,40,30,14.0,10,94.0,A - Hot (contact first),,,,
115,Pangburn Group,102,pangburngroup.com,,Louisiana,New Roads,301 Major Parkway,70760,Financial Services,1224333.0,https://www.linkedin.com/company/the-pangburn-group,Tier 2,40,30,14.0,10,94.0,A - Hot (contact first),,,,
116,ManageArtworks,99,manageartworks.com,,New Jersey,Princeton,,8540,Software Development,4786711.0,https://www.linkedin.com/company/manage-artworks,Tier 2,40,30,14.0,10,94.0,A - Hot (contact first),,,,
117,Qwerty Concepts IT Solutions,73,qwertyc.com,,New Jersey,Piscataway,1 Corporate Place South,8854,IT System Training and Support,298711.0,https://www.linkedin.com/company/qwerty-concepts-inc.,Tier 2,40,28,14.0,10,92.0,A - Hot (contact first),,,,
118,American Performance Polymers LLC,60,americanperformancepolymers.com,,New Hampshire,Colebrook,23 Gould St,1944,Medical Equipment Manufacturing,,https://www.linkedin.com/company/american-performance-polymers,Tier 2,40,30,14.0,8,92.0,A - Hot (contact first),,,,
119,SHJ International Tech.,80,shjintl.com,,New Jersey,Egg Harbor Township,6 Marigold Circle,8234,Outsourcing and Offshoring Consulting,6445028.0,https://www.linkedin.com/company/shj-international,Tier 2,40,28,14.0,10,92.0,A - Hot (contact first),,,,
120,P.t. Mindo,74,mindosolutions.com,,District of Columbia,Virginia Beach,,,Business Consulting and Services,,https://www.linkedin.com/company/pt.-mindo-small-business-solutions,Tier 2,40,30,14.0,8,92.0,A - Hot (contact first),,,,
121,Us It Staffing and Recruitment,86,workdice.com,,Texas,,,,IT Services and IT Consulting,,https://www.linkedin.com/company/us-it-staffing-and-recruitment,Tier 2,40,30,14.0,8,92.0,A - Hot (contact first),,,,
122,Sistar Mortgage Company,84,sistarmortgage.com,,Michigan,Sterling Heights,51650 Oro Road,48315,Credit Intermediation,276739.0,https://www.linkedin.com/company/sistar-mortgage,Tier 2,40,28,14.0,10,92.0,A - Hot (contact first),,,,
123,Website Baba,98,thewebsitebaba.com,,New York,New York,,,IT Services and IT Consulting,,https://www.linkedin.com/company/the-website-baba,Tier 2,40,30,14.0,8,92.0,A - Hot (contact first),,,,
124,Propelr,84,propelrpay.com,,Pennsylvania,King of Prussia,123 W Lancaster Ave Ste 210,19087,Software Development,,https://www.linkedin.com/company/propelrpay,Tier 2,40,30,14.0,8,92.0,A - Hot (contact first),,,,
125,Kala Pharmaceuticals,38,kalarx.com,,Massachusetts,Boston,1167 Massachusetts Ave,2476,Pharmaceutical Manufacturing,801404.0,https://www.linkedin.com/company/kala-pharmaceuticals,Tier 1,32,30,20.0,10,92.0,A - Hot (contact first),,,,
126,Bondex,38,bondex.app,,Florida,Florham Park,30a Vreeland Rd Ste 120,7932,Technology Information and Internet,76904937.0,https://www.linkedin.com/company/bondexapp,Tier 1,32,30,20.0,10,92.0,A - Hot (contact first),,,,
127,JBS Dev,130,jbs.dev,,New York,Chadds Ford Township,610 Chadds Ford Dr,19317,IT System Custom Software Development,,https://www.linkedin.com/company/jbssolutions,Tier 2,40,30,14.0,8,92.0,A - Hot (contact first),,,,
128,Medical Outfitters,55,medicaloutfitters.com,,Alaska,Miami,8062 NW 66th St,33166,Medical Equipment Manufacturing,,https://www.linkedin.com/company/medical-outfitters-inc,Tier 2,40,30,14.0,8,92.0,A - Hot (contact first),,,,
129,Seanergy.ai,231,seanergy.ai,,Texas,Frisco,,75024,Software Development,,https://www.linkedin.com/company/seanergyai/,Tier 2,40,30,14.0,8,92.0,A - Hot (contact first),,,,
130,"FRONTLINE PUBLIC SAFETY SOLUTIONS, LLC",177,frontlinepss.com,,Illinois,Lombard,55 W 22Nd St Ste 112,,Software Development,,https://www.linkedin.com/company/frontline-public-safety-solutions,Tier 2,40,30,14.0,8,92.0,A - Hot (contact first),,,,
131,Rt Tech Solutions Group,88,rttsg.com,,Texas,Austin,,,IT Services and IT Consulting,,https://www.linkedin.com/company/rt-tech-solutions-group,Tier 2,40,30,14.0,8,92.0,A - Hot (contact first),,,,
132,Case Consulting,135,consultwithcase.com,,Virginia,Leesburg,18425 RUSTLING WOODS Ct.,,IT System Testing and Evaluation,2558032.0,https://www.linkedin.com/company/case-consulting-inc,Tier 2,40,28,14.0,10,92.0,A - Hot (contact first),,,,
133,Learning Life,55,learninglife.info,,District of Columbia,Washington,,,IT Services and IT Consulting,,https://www.linkedin.com/company/learning-life,Tier 2,40,30,14.0,8,92.0,A - Hot (contact first),,,,
134,Cohen & Company Securities,60,cohensecurities.com,,New York,Boca Raton,,,Financial Services,,https://www.linkedin.com/company/jvb-financial-group-llc,Tier 2,40,30,14.0,8,92.0,A - Hot (contact first),,,,
135,Gritter Francona,69,gritterfrancona.us,,District of Columbia,Washington,7361 Calhoun Pl Ste 450,20855,IT Services and IT Consulting,,https://www.linkedin.com/company/gritter-francona,Tier 2,40,30,14.0,8,92.0,A - Hot (contact first),,,,
136,Octdaily,141,octdaily.com,,Massachusetts,Cambridge,183 Palm Beach Plantation Blvd,33411,IT Services and IT Consulting,,https://www.linkedin.com/company/octdaily,Tier 2,40,30,14.0,8,92.0,A - Hot (contact first),,,,
137,Xrc Ventures,69,xrcventures.com,,New York,New York,,11203,Venture Capital and Private Equity Principals,,https://www.linkedin.com/company/xrcventures/,Tier 2,40,30,14.0,8,92.0,A - Hot (contact first),,,,
138,Government Employee Benefits,109,fedseminar.com,,Florida,Tampa,,,Insurance and Employee Benefit Funds,93659180.0,https://www.linkedin.com/company/government-employee-benefits,Tier 2,40,28,14.0,10,92.0,A - Hot (contact first),,,,
139,Gainbridge,55,gainbridge.io,,Indiana,,,,Financial Services,,https://www.linkedin.com/company/gainbridge.life,Tier 2,40,30,14.0,8,92.0,A - Hot (contact first),,,,
140,River Falls Manufacturing Co Inc,150,ctsllc.com,,Massachusetts,Fall River,40 County St,,IT Services and IT Consulting,,https://www.linkedin.com/company/controlled-technical-services-llc,Tier 2,40,30,14.0,8,92.0,A - Hot (contact first),,,,
141,Investor Group Services (IGS),162,igsinsights.com,,Massachusetts,,,,Business Consulting and Services,,https://www.linkedin.com/company/investor-group-services-igs,Tier 2,40,30,14.0,8,92.0,A - Hot (contact first),,,,
142,Nespon Solutions,133,nespon.com,,Texas,Grapevine,2300 Valley View Lane,76051,IT System Training and Support,74747280.0,https://www.linkedin.com/company/nesponsolutions,Tier 2,40,28,14.0,10,92.0,A - Hot (contact first),,,,
143,Aintiram Web Tech,55,aintiram.com,,Ohio,Springboro,,,IT Services and IT Consulting,,https://www.linkedin.com/company/aintiram,Tier 2,40,30,14.0,8,92.0,A - Hot (contact first),,,,
144,Computomic,53,www.computomic.ai/,,New Jersey,Jamesburg,499 Marlboro Road,8540,IT Services and IT Consulting,,https://www.linkedin.com/company/computomic,Tier 2,40,30,14.0,8,92.0,A - Hot (contact first),,,,
145,Elephant Skin,90,elephant-skin.com,,Florida,Miami,360 Northwest 27th Street,33127,Real Estate Agents and Brokers,27126331.0,https://www.linkedin.com/company/elephant-skin,Tier 1,40,20,20.0,10,90.0,A - Hot (contact first),,,,
146,???? ??? Jeel Platform,101,jeelapp.com,,New York,-,,,Entertainment Providers,12987814.0,https://www.linkedin.com/company/thejeelapp,Tier 1,40,20,20.0,10,90.0,A - Hot (contact first),,,,
147,Zoomessence,65,zoomessence.com,,Kentucky,Hebron,Victory Place,41048,Chemical Raw Materials Manufacturing,1535177.0,https://www.linkedin.com/company/zoomessence-inc-,Tier 1,40,20,20.0,10,90.0,A - Hot (contact first),,,,
148,RaySecur,68,www.raysecur.com,,Massachusetts,Westwood,49 Bay State Rd,2138,Security and Investigations,10520435.0,https://www.linkedin.com/company/raysecur,Tier 1,40,20,20.0,10,90.0,A - Hot (contact first),,,,
149,Boloco,90,boloco.com,,Massachusetts,Boston,1080 Boylston Street,2115,Food and Beverage Services,155615.0,https://www.linkedin.com/company/boloco,Tier 1,40,20,20.0,10,90.0,A - Hot (contact first),,,,
150,United Real Estate Richmond,90,joinunitedrichmond.com,,Virginia,Richmond,,,Real Estate Agents and Brokers,3122632.0,https://www.linkedin.com/company/dominion-first-realty-inc,Tier 1,40,20,20.0,10,90.0,A - Hot (contact first),,,,
151,Jack Gaughen Realtor Era Camp Hill Pa,123,coldwellbankerhomes.com,,Pennsylvania,Camp Hill,,,Real Estate Agents and Brokers,852397.0,https://www.linkedin.com/company/jack-gaughen-realtor-era-camp-hill-pa,Tier 1,40,20,20.0,10,90.0,A - Hot (contact first),,,,
152,Saturn,30,joinsaturn.com,,New York,Manhattan,,,Software Development,,https://www.linkedin.com/company/saturntechnologies,Tier 1,32,30,20.0,8,90.0,A - Hot (contact first),,,,
153,Pursell Agri-tech,60,fertilizer.com,,Alabama,Sylacauga,,,Agricultural Chemical Manufacturing,35523730.0,https://www.linkedin.com/company/pursellagritech,Tier 1,40,20,20.0,10,90.0,A - Hot (contact first),,,,
154,Duke Cannon Supply,72,dukecannon.com,,Minnesota,Minneapolis,123 North 3rd Street,55401,Manufacturing,18450345.0,https://www.linkedin.com/company/dukecannon,Tier 1,40,20,20.0,10,90.0,A - Hot (contact first),,,,
155,Cha Cha Matcha,71,chachamatcha.com,,New York,,,,Food and Beverage Services,,https://www.linkedin.com/company/cha-cha-matcha,Tier 1,40,20,20.0,8,88.0,A - Hot (contact first),,,,
156,Busy Bee Cleaning Service,95,bbcleaningservice.com,,New York,New York,1133 Broadway,10010,Janitorial Services,5104922.0,https://www.linkedin.com/company/busy-bee-cleaning-service,Tier 1,40,18,20.0,10,88.0,A - Hot (contact first),,,,
157,Visionary Integration Professionals,213,trustvip.com,,California,Reston,2001 Edmund Halley Dr,20191,Strategic Management Services,201227.0,https://www.linkedin.com/company/visionary-integration-professionals-vip-,Tier 1,40,18,20.0,10,88.0,A - Hot (contact first),,,,
158,Accushield®,64,accushield.com,,Georgia,Atlanta,2030 Powers Ferry Road,30339,Hospitals and Health Care,,https://www.linkedin.com/company/accushield,Tier 1,40,20,20.0,8,88.0,A - Hot (contact first),,,,
159,Euclid Power,86,euclidpower.com,,New York,New York,9840 Colorado Rd,55438,Solar Electric Power Generation,72611723.0,https://www.linkedin.com/company/euclid-power/,Tier 1,40,18,20.0,10,88.0,A - Hot (contact first),,,,
160,Midocean Partners,130,midoceanpartners.com,,New York,New York,245 Park Avenue,10029,Trusts and Estates,60113.0,https://www.linkedin.com/company/midocean-partners,Tier 1,40,18,20.0,10,88.0,A - Hot (contact first),,,,
161,SimplyHome,103,simplyrent.com,,Texas,Houston,13141 Northwest Fwy,77040,Real Estate,,https://www.linkedin.com/company/simplyhome,Tier 1,40,20,20.0,8,88.0,A - Hot (contact first),,,,
162,Engage fi,91,engagefi.com,,Florida,Orlando,"450 Carillon Parkway, Saint Petersburg, Florida, United States, 33716",33716,Strategic Management Services,3618372.0,https://www.linkedin.com/company/cu-engage/,Tier 1,40,18,20.0,10,88.0,A - Hot (contact first),,,,
163,Show Masters Production Logistics,119,showmasters.com,,Texas,Fort Worth,,,Events Services,52520256.0,https://www.linkedin.com/company/show-masters-production-logistics-inc.,Tier 1,40,18,20.0,10,88.0,A - Hot (contact first),,,,
164,MicroData,108,microdata.com,,Massachusetts,Beverly,,1915,IT Services and IT Consulting,23909.0,https://www.linkedin.com/company/microdata,Tier 3,40,30,7.0,10,87.0,A - Hot (contact first),,,,
165,Legacy Healthcare,111,ecipharma.com,,Florida,Port St Lucie,,,Pharmaceutical Manufacturing,6816983.0,https://www.linkedin.com/company/eci-pharmaceuticals,Tier 3,40,30,7.0,10,87.0,A - Hot (contact first),,,,
166,National Biological,108,natbiocorp.com,,Ohio,Beachwood,23700 Mercantile Rd,44122,Medical Equipment Manufacturing,26482648.0,https://www.linkedin.com/company/natbiocorp,Tier 3,40,30,7.0,10,87.0,A - Hot (contact first),,,,
167,Rai Group,69,raigroup.com,,New Jersey,Hackensack,21 Main Street,7444,Financial Services,271282.0,https://www.linkedin.com/company/rai-group,Tier 3,40,30,7.0,10,87.0,A - Hot (contact first),,,,
168,Center For Forensic Science Research & Education,66,cfsre.org,,Pennsylvania,Willow Grove,,,Research Services,5375163.0,https://www.linkedin.com/company/the-center-for-forensic-science-research-&-education,Tier 3,40,30,7.0,10,87.0,A - Hot (contact first),,,,
169,Yuzuyello An Ipg Health Company,63,yuzuyello.com,,New York,New York,,,Pharmaceutical Manufacturing,70084528.0,https://www.linkedin.com/company/yuzuyello,Tier 3,40,30,7.0,10,87.0,A - Hot (contact first),,,,
170,WALKER,250,walkerfirst.com,,North Carolina,Lexington,7129 Old U.S. Highway 52,27295,Telecommunications,233164.0,https://www.linkedin.com/company/walker-and-associates,Tier 3,40,30,7.0,10,87.0,A - Hot (contact first),,,,
171,Dgi Technologies,102,dgitechnologies.com,,Massachusetts,North Billerica,"101 Billerica 6, Ave Bldg",1862,IT Services and IT Consulting,3137945.0,https://www.linkedin.com/company/dgi-communications/,Tier 3,40,30,7.0,10,87.0,A - Hot (contact first),,,,
172,Computer Systems Center,207,csci-va.com,,Virginia,Springfield,6225 Brandon Ave,22150,IT Services and IT Consulting,163277.0,https://www.linkedin.com/company/csci-va,Tier 3,40,30,7.0,10,87.0,A - Hot (contact first),,,,
173,Sevenwinds Casino Lodge & Conference Center,71,sevenwindscasino.com,,Wisconsin,Hayward,,,Financial Services,70786287.0,https://www.linkedin.com/company/sevenwinds-casino-lodge-&-conference-center,Tier 3,40,30,7.0,10,87.0,A - Hot (contact first),,,,
174,E-ring,72,ering-cad.com,,Georgia,Alpharetta,,,Software Development,1783094.0,https://www.linkedin.com/company/e-ring-inc.,Tier 3,40,30,7.0,10,87.0,A - Hot (contact first),,,,
175,EMN,79,emnusa.us,,Florida,,,,IT Services and IT Consulting,1382582.0,https://www.linkedin.com/company/emn,Tier 3,40,30,7.0,10,87.0,A - Hot (contact first),,,,
176,Dow Credit Union,146,dowcreditunion.org,,Michigan,Midland,3457 Deer Valley Rd,94531,Financial Services,10310555.0,https://www.linkedin.com/company/dow-chemical-employees'%E2%80%8B-credit-union,Tier 3,40,30,7.0,10,87.0,A - Hot (contact first),,,,
177,City Limits,153,citylimits.org,,New York,New York,,,Internet News,929388.0,https://www.linkedin.com/company/city-limits-new-york-,Tier 3,40,30,7.0,10,87.0,A - Hot (contact first),,,,
178,Excelsior Medical,106,excelsiormedical.com,,New Jersey,Neptune City,Heck Avenue,7753,Medical Equipment Manufacturing,135942.0,https://www.linkedin.com/company/excelsior-medical-corp,Tier 3,40,30,7.0,10,87.0,A - Hot (contact first),,,,
179,Jb Warranties,82,jbwarranties.com,,Texas,Irving,,,Insurance,9193733.0,https://www.linkedin.com/company/jb-&-associates-extended-warranties,Tier 3,40,30,7.0,10,87.0,A - Hot (contact first),,,,
180,Rutgers Cait Center For Advanced Infrastructure and Transportation,88,cait.rutgers.edu,,New Jersey,Piscataway,,,Research Services,89326174.0,https://www.linkedin.com/company/center-for-advanced-infrastructure-and-transportation-cait,Tier 3,40,30,7.0,10,87.0,A - Hot (contact first),,,,
181,Coolsys Energy Design Consulting Engineers,71,coolsysenergydesign.com,,New Jersey,Princeton,,,Design Services,33266185.0,https://www.linkedin.com/company/coolsys-energy-design,Tier 3,40,30,7.0,10,87.0,A - Hot (contact first),,,,
182,Bank Of Forest,53,bkforest.com,,Mississippi,Forest,,,Insurance,62464186.0,https://www.linkedin.com/company/bank-of-forest,Tier 3,40,30,7.0,10,87.0,A - Hot (contact first),,,,
183,Click Here Labs,73,clickherelabs.com,,Texas,Dallas,,,Marketing Services,19158.0,https://www.linkedin.com/company/click-here,Tier 3,40,30,7.0,10,87.0,A - Hot (contact first),,,,
184,Baltimore City Paper,57,baltimoresun.com,,Maryland,Baltimore,,,Internet News,65651.0,https://www.linkedin.com/company/the-city-paper,Tier 3,40,30,7.0,10,87.0,A - Hot (contact first),,,,
185,AcenTek,71,acentek.net,,Minnesota,Houston,207 East Cedar Street,55943,Telecommunications,6799257.0,https://www.linkedin.com/company/acentek,Tier 3,40,30,7.0,10,87.0,A - Hot (contact first),,,,
186,Atom Healthcare,55,atomhealthcare.com,,New York,New York,,,IT Services and IT Consulting,13288790.0,https://www.linkedin.com/company/atomhealthcare,Tier 3,40,30,7.0,10,87.0,A - Hot (contact first),,,,
187,Giant Machines,119,giantmachines.com,,New York,New York,1 Liberty Street,10006,Software Development,3201707.0,https://www.linkedin.com/company/giantmachines,Tier 3,40,30,7.0,10,87.0,A - Hot (contact first),,,,
188,Orion Associates,127,orionassoc.net,,Minnesota,Golden Valley,9400 Golden Valley Road,55427,Business Consulting and Services,3021414.0,https://www.linkedin.com/company/orion-associates,Tier 3,40,30,7.0,10,87.0,A - Hot (contact first),,,,
189,Kvra Tech,88,kvratech.com,,New Jersey,Piscataway,15 Corporate Place South,8854,IT Services and IT Consulting,10105824.0,https://www.linkedin.com/company/kvra-tech-inc,Tier 3,40,30,7.0,10,87.0,A - Hot (contact first),,,,
190,nfrastructure,184,zones.com,,New York,Clifton Park,Enterprise Avenue,12065,IT Services and IT Consulting,97178.0,https://www.linkedin.com/company/nfrastructure,Tier 3,40,30,7.0,10,87.0,A - Hot (contact first),,,,
191,Cloud Fastpath,65,cloudfastpath.com,,Massachusetts,Boston,50 Milk Street,2110,Computer Networking Products,30817.0,https://www.linkedin.com/company/cloudfastpath,Tier 3,40,30,7.0,10,87.0,A - Hot (contact first),,,,
192,Mortgage World Bankers,64,mwbankers.com,,New York,Queens,Steinway Street,11103,Capital Markets,298676.0,https://www.linkedin.com/company/mortgage-world-bankers,Tier 3,40,30,7.0,10,87.0,A - Hot (contact first),,,,
193,designIQ,64,designiq.com,,Iowa,Des Moines,400 Locust Street,50309,Advertising Services,24784784.0,https://www.linkedin.com/company/designiqcreativesolutions,Tier 3,40,30,7.0,10,87.0,A - Hot (contact first),,,,
194,SCA Technologies,115,scatech.com,,Pennsylvania,Pittsburgh,681 Andersen Dr. Ste. 550,15220,Software Development,27138.0,http://www.linkedin.com/company/sca-technologies,Tier 3,40,30,7.0,10,87.0,A - Hot (contact first),,,,
195,REPROCELL,61,reprocell.com,,Maryland,Beltsville,381 bldg 9f Kdx Shin-yokohama,222-0033,Biotechnology Research,1800484.0,https://www.linkedin.com/company/reprocell,Tier 3,40,30,7.0,10,87.0,A - Hot (contact first),,,,
196,Miltec,118,mil-tec.com,,Alabama,Huntsville,,,Aviation and Aerospace Component Manufacturing,83220.0,https://www.linkedin.com/company/miltec,Tier 3,40,30,7.0,10,87.0,A - Hot (contact first),,,,
197,Taj Palace,179,tajpalacebgky.com,,Kentucky,Bowling Green,,,Information Services,8923516.0,https://www.linkedin.com/company/taj-palace,Tier 3,40,30,7.0,10,87.0,A - Hot (contact first),,,,
198,Kgi Wireless,92,kgiwireless.com,,Texas,Austin,805 Las Cimas Parkway,78746,Telecommunications,35682902.0,https://www.linkedin.com/company/kgiwirelessllc,Tier 3,40,30,7.0,10,87.0,A - Hot (contact first),,,,
199,Electronic Environments,95,eecnet.com,,Massachusetts,Marlborough,410 Forest St,1752,Information Services,90160.0,https://www.linkedin.com/company/electronic-environments-corporation,Tier 3,40,30,7.0,10,87.0,A - Hot (contact first),,,,
200,Mortgage Now Inc,89,mtgnow.com,,New Jersey,Shrewsbury,"1161  BROAD ST
STE 212",7702,Financial Services,75788.0,https://www.linkedin.com/company/mortgage-now,Tier 3,40,30,7.0,10,87.0,A - Hot (contact first),,,,
201,Maxton,194,maxtontech.com,,Massachusetts,Marlborough,,,Telecommunications,154272.0,https://www.linkedin.com/company/maxton,Tier 3,40,30,7.0,10,87.0,A - Hot (contact first),,,,
202,Harbortouch,169,harbortouch.com,,Pennsylvania,Allentown,2202 North Irving Street,18109,Computer Hardware Manufacturing,1844935.0,https://www.linkedin.com/company/harbortouch,Tier 3,40,30,7.0,10,87.0,A - Hot (contact first),,,,
203,Hello Direct,157,hellodirect.com,,Florida,Cape Canaveral,77 Northeastern Boulevard,3062,Telecommunications,9823.0,https://www.linkedin.com/company/hello-direct,Tier 3,40,30,7.0,10,87.0,A - Hot (contact first),,,,
204,Joseph Stone Capital,84,josephstonecapital.com,,New York,Mineola,,,Investment Management,11750632.0,https://www.linkedin.com/company/josephstonecapital,Tier 3,40,30,7.0,10,87.0,A - Hot (contact first),,,,
205,Siccion Labs,88,siccion.com,,Pennsylvania,,,,Information Services,69103584.0,https://www.linkedin.com/company/siccion-labs,Tier 3,40,30,7.0,10,87.0,A - Hot (contact first),,,,
206,Data Power Technology,85,dptgroup.com,,Iowa,Urbandale,3041 JUSTIN DR,50322,IT Services and IT Consulting,8026711.0,http://www.linkedin.com/company/dpt-group-inc-,Tier 3,40,30,7.0,10,87.0,A - Hot (contact first),,,,
207,Mcneal Professional Services,46,mcnealpro.com,,Georgia,Kennesaw,2601 Summers Street,30144,Telecommunications,905458.0,https://www.linkedin.com/company/mcneal-professional-staffing,Tier 2,32,30,14.0,10,86.0,A - Hot (contact first),,,,
208,S+S Industries,113,ssind.com,,Texas,,,,Electric Power Generation,,https://www.linkedin.com/company/s-sindustries,Tier 1,40,18,20.0,8,86.0,A - Hot (contact first),,,,
209,Wi Clark Company,93,wiclark.com,,Connecticut,Franklin,,6254,Technology Information and Internet,,https://www.linkedin.com/company/the-w-i-clark-company,Tier 3,40,30,7.0,8,85.0,A - Hot (contact first),,,,
210,Adzzoo,156,adzzoo.net,,Missouri,Festus,,,Advertising Services,,https://www.linkedin.com/company/adzzoo_5,Tier 3,40,30,7.0,8,85.0,A - Hot (contact first),,,,
211,"Twin Oaks Community, Incorporated",90,twinoaks.org,,Virginia,Louisa,138 Twin Oaks Rd,,Business Consulting and Services,,https://www.linkedin.com/company/twin-oaks-community-incorporated,Tier 3,40,30,7.0,8,85.0,A - Hot (contact first),,,,
212,"Family Hospitality, Inc.",99,familyhospitality.com,,Tennessee,Brentwood,549 Midway Cir,,Advertising Services,,https://www.linkedin.com/company/the-family-hospitality-group,Tier 3,40,30,7.0,8,85.0,A - Hot (contact first),,,,
213,Huntington Federal Savings Bank,98,huntingtonfederal.com,,West Virginia,Huntington,,,Credit Intermediation,60124161.0,https://www.linkedin.com/company/huntington-federal-savings-bank,Tier 3,40,28,7.0,10,85.0,A - Hot (contact first),,,,
214,Optical Solutions,58,opticalsolutions.com,,Minnesota,Minneapolis,,,Telecommunications,,https://www.linkedin.com/company/optical-solutions,Tier 3,40,30,7.0,8,85.0,A - Hot (contact first),,,,
215,"KamMcO Health Solutions, Inc.",61,khinonline.org,,Kansas,Topeka,623 Sw 10Th Ave,,IT Services and IT Consulting,,https://www.linkedin.com/company/kansas-health-information-network,Tier 3,40,30,7.0,8,85.0,A - Hot (contact first),,,,
216,Woven Solutions,77,wovensolutions.io,,Virginia,,,,IT Services and IT Consulting,,https://www.linkedin.com/company/woven-solutions,Tier 3,40,30,7.0,8,85.0,A - Hot (contact first),,,,
217,Goby,52,esg.conservice.com,,Illinois,,,,IT Services and IT Consulting,,https://www.linkedin.com/company/goby,Tier 3,40,30,7.0,8,85.0,A - Hot (contact first),,,,
218,"Jilco Industries, Inc.",52,preferredairparts.com,,Ohio,Kidron,11234 Hackett Rd,,Aviation and Aerospace Component Manufacturing,,https://www.linkedin.com/company/preferredairpartsllc,Tier 3,40,30,7.0,8,85.0,A - Hot (contact first),,,,
219,Petshop,53,petshop.ru,,Florida,St. Petersburg,,,IT Services and IT Consulting,,https://www.linkedin.com/company/petshop-ru,Tier 3,40,30,7.0,8,85.0,A - Hot (contact first),,,,
220,Dolce Vita Hair Salon,52,dolcevitasalons.com,,Georgia,,,,Design Services,,https://www.linkedin.com/company/dolce-vita-hair-salon,Tier 3,40,30,7.0,8,85.0,A - Hot (contact first),,,,
221,"E&H Integrated Systems, Inc.",59,eandhis.com,,Kentucky,Louisville,1903 Stanley Gault Pkwy,,IT Services and IT Consulting,,https://www.linkedin.com/company/e-h-integrated-systems,Tier 3,40,30,7.0,8,85.0,A - Hot (contact first),,,,
222,"Tosoh Bioscience, Inc.",135,diagnostics.us.tosohbioscience.com,,Ohio,,,,Biotechnology Research,,https://www.linkedin.com/company/tosoh-bioscience-inc.,Tier 3,40,30,7.0,8,85.0,A - Hot (contact first),,,,
223,Avit,59,avitechnologies.net,,New Jersey,Wayne,14102 Sullyfield Cir Ste 150B,20151,IT Services and IT Consulting,,https://www.linkedin.com/company/avit-corporation,Tier 3,40,30,7.0,8,85.0,A - Hot (contact first),,,,
224,"Tire Wholesalers Company, LLC",240,twi.tireweb.com,,Michigan,Oak Park,15100 W 8 Mile Rd,,Software Development,,https://www.linkedin.com/company/tireweb,Tier 3,40,30,7.0,8,85.0,A - Hot (contact first),,,,
225,County of Beaver,128,beaverpl.okpls.org,,Oklahoma,Beaver,111 W 2Nd St,,Technology Information and Internet,,https://www.linkedin.com/company/oklahoma-department-of-libraries,Tier 3,40,30,7.0,8,85.0,A - Hot (contact first),,,,
226,"Quaint Oak Mortgage, LLC",131,quaintoakmortgage.com,,Pennsylvania,Southampton,501 Knowles Ave,,Financial Services,,https://www.linkedin.com/company/quaint-oak-mortgage,Tier 3,40,30,7.0,8,85.0,A - Hot (contact first),,,,
227,"Debt Freedom, Inc.",52,debtpoint.com,,Texas,San Antonio,6715 Bandera Rd,,Financial Services,,https://www.linkedin.com/company/debtpoint,Tier 3,40,30,7.0,8,85.0,A - Hot (contact first),,,,
228,"BAM Enterprises, Inc.",98,bamenterprisesinc.com,,New York,Grand Island,2937 Alt Blvd,,Venture Capital and Private Equity Principals,,https://www.linkedin.com/company/bam-enterprises-inc-,Tier 3,40,30,7.0,8,85.0,A - Hot (contact first),,,,
229,"Dessin Fournir, Inc.",95,dessinfournir.com,,Kansas,Plainville,400 S Jefferson St,,Design Services,,https://www.linkedin.com/company/dessin-fournir-companies,Tier 3,40,30,7.0,8,85.0,A - Hot (contact first),,,,
230,Diario El Día De La Plata,51,eldia.com.ar,,Maryland,La Plata,,,Technology Information and Internet,,https://www.linkedin.com/company/diario-el-día-de-la-plata,Tier 3,40,30,7.0,8,85.0,A - Hot (contact first),,,,
231,Adpump.io,75,adpump.io,,Florida,Hopewell,,,IT Services and IT Consulting,,https://www.linkedin.com/company/adpump-blockchain-marketplace,Tier 3,40,30,7.0,8,85.0,A - Hot (contact first),,,,
232,Twotango Collaborative,52,twotango.co,,Virginia,Richmond,2912 W Leigh St,23230,Advertising Services,,https://www.linkedin.com/company/twotangocollaborative,Tier 3,40,30,7.0,8,85.0,A - Hot (contact first),,,,
233,Trinity College Student Investment Fund,72,tcsif.domains.trincoll.edu,,Connecticut,,,,Investment Management,,https://www.linkedin.com/company/trinity-college-student-investment-fund,Tier 3,40,30,7.0,8,85.0,A - Hot (contact first),,,,
234,GoTriangle,186,gotriangle.org,,North Carolina,Durham,4600 Emperor Blvd. Suite 100,27703,Urban Transit Services,78641.0,https://www.linkedin.com/company/gotriangle,Tier 3,40,28,7.0,10,85.0,A - Hot (contact first),,,,
235,Online Advertising,79,theoneword.com,,District of Columbia,,,,Advertising Services,,https://www.linkedin.com/company/online-advertising,Tier 3,40,30,7.0,8,85.0,A - Hot (contact first),,,,
236,Livingston Bottle King Inc,61,bottleking.com,,New Jersey,Livingston,343 W Mount Pleasant Ave,,Software Development,,https://www.linkedin.com/company/bottle-king-discount-liquors,Tier 3,40,30,7.0,8,85.0,A - Hot (contact first),,,,
237,"FULTON, MONTGOMERY & SCHOHARIE COUNTIES PRIVATE INDUSTRY COUNCIL, INC.",60,fmsworkforcesolutions.org,,New York,Amsterdam,2620 Riverfront Ctr,,Staffing and Recruiting,,https://www.linkedin.com/company/fulton-mongomery-&-schoharie-counties-workforce-development-board,Tier 3,40,30,7.0,8,85.0,A - Hot (contact first),,,,
238,Palm Nft Studio,75,palm.io,,Delaware,,,,Technology Information and Media,76783379.0,https://www.linkedin.com/company/palm-nft-studio,Tier 3,40,28,7.0,10,85.0,A - Hot (contact first),,,,
239,Collib,150,collib.com,,North Carolina,Dunn,,,IT Services and IT Consulting,,https://www.linkedin.com/company/collib-inc,Tier 3,40,30,7.0,8,85.0,A - Hot (contact first),,,,
240,"Crest Automotive, Inc.",75,crestfordcenterline.com,,Michigan,Center Line,26333 Van Dyke Ave,,Staffing and Recruiting,,https://www.linkedin.com/company/crestfordcenterline,Tier 3,40,30,7.0,8,85.0,A - Hot (contact first),,,,
241,Voxdesk By 500apps,75,voxdesk.com,,New York,New York,,,IT Services and IT Consulting,,https://www.linkedin.com/company/voxdesk-by-500apps,Tier 3,40,30,7.0,8,85.0,A - Hot (contact first),,,,
242,Verus Aerospace,79,verusaerospace.com,,New York,New York City,,,Aviation and Aerospace Component Manufacturing,,https://www.linkedin.com/company/verus-aerospace,Tier 3,40,30,7.0,8,85.0,A - Hot (contact first),,,,
243,"Wayne Frier Home Center Of Panama City, Inc.",100,waynefrierhome.com,,Florida,Live Oak,12788 Us Highway 90,,Advertising Services,,https://www.linkedin.com/company/wayne-frier-home-center,Tier 3,40,30,7.0,8,85.0,A - Hot (contact first),,,,
244,Medinep,75,medinep.com,,Texas,Carrollton,,,IT Services and IT Consulting,,https://www.linkedin.com/company/medinepshop,Tier 3,40,30,7.0,8,85.0,A - Hot (contact first),,,,
245,Aeneas Internet & Telephone,82,aeneas.net,,Tennessee,Bolivar,,,Telecommunications,,https://www.linkedin.com/company/aeneas-internet%26telephone,Tier 3,40,30,7.0,8,85.0,A - Hot (contact first),,,,
246,"Advantage Insurance Services, Inc.",59,boudreauinsurance.com,,Maryland,Dunkirk,10020 Southern Maryland Blvd Ste 203,,Insurance,,https://www.linkedin.com/company/boudreauinsurance,Tier 3,40,30,7.0,8,85.0,A - Hot (contact first),,,,
247,Interconnect,94,interconnect.com.ar,,District of Columbia,,,,Telecommunications,,https://www.linkedin.com/company/interconnect-s.a./,Tier 3,40,30,7.0,8,85.0,A - Hot (contact first),,,,
248,Basic Commerce and Industries Inc.,191,bcisse.com,,New Jersey,Moorestown,303 Harper Dr,,Information Services,,https://www.linkedin.com/company/basic-commerce-industries-bci,Tier 3,40,30,7.0,8,85.0,A - Hot (contact first),,,,
249,Onb Investment Services Inc,60,choiceinvestmentservices.com,,Indiana,Evansville,501 Main St,,Investment Management,,https://www.linkedin.com/company/choice-investment-services,Tier 3,40,30,7.0,8,85.0,A - Hot (contact first),,,,
250,Prosperity - An EisnerAmper Company,56,prosperityea.com,,New York,,,,Financial Services,,https://www.linkedin.com/company/the-prosperity-consulting-group-llc,Tier 3,40,30,7.0,8,85.0,A - Hot (contact first),,,,
251,Premier Systems,65,premierveterans.com,,Illinois,,,,IT Services and IT Consulting,,https://www.linkedin.com/company/premierveterans,Tier 3,40,30,7.0,8,85.0,A - Hot (contact first),,,,
252,"Kameddata.com, Inc.",193,kontactintelligence.com,,Florida,Pensacola,4400 Bayou Blvd Ste 12,,Software Development,,https://www.linkedin.com/company/kontactintelligence-inc.,Tier 3,40,30,7.0,8,85.0,A - Hot (contact first),,,,
253,"Bratcher Enterprises, Inc.",55,midasfamily.com,,Illinois,Orland Park,14810 S La Grange Rd,,Business Consulting and Services,,https://www.linkedin.com/company/midas-family-office,Tier 3,40,30,7.0,8,85.0,A - Hot (contact first),,,,
254,Ginnie Mae,185,ginniemae.gov,,District of Columbia,Washington,425 3rd Street Southwest,20024,Credit Intermediation,3961464.0,https://www.linkedin.com/company/ginnie-mae,Tier 3,40,28,7.0,10,85.0,A - Hot (contact first),,,,
255,AccuStaff,172,accustaffny.com,,New York,,,,Staffing and Recruiting,,https://www.linkedin.com/company/accustaff,Tier 3,40,30,7.0,8,85.0,A - Hot (contact first),,,,
256,Pittsburg Tank & Tower Group,181,pttg.com,,Kentucky,Henderson,1 Watertank Pl,42420,Construction,16238716.0,https://www.linkedin.com/company/pttg,Tier 2,40,20,14.0,10,84.0,B - Strong fit,,,,
257,Mayer,239,mayerllp.com,,Texas,Dallas,750 North Saint Paul Street,75201,Law Practice,35454379.0,https://www.linkedin.com/company/mayer-llp,Tier 2,40,20,14.0,10,84.0,B - Strong fit,,,,
258,Red Oak Recovery,96,redoakrecovery.com,,North Carolina,Leicester,631 Willow Creek Rd.,28748,Mental Health Care,10313656.0,https://www.linkedin.com/company/red-oak-recovery,Tier 2,40,20,14.0,10,84.0,B - Strong fit,,,,
259,Strauss Troy,98,strausstroy.com,,Ohio,Cincinnati,150 East 4th Street,45202,Law Practice,1038528.0,https://www.linkedin.com/company/strauss-troy,Tier 2,40,20,14.0,10,84.0,B - Strong fit,,,,
260,Center For International Environmental Law,74,ciel.org,,District of Columbia,Washington,1101 15th Street Northwest,20005,Legal Services,2126565.0,https://www.linkedin.com/company/the-center-for-international-environmental-law-ciel-/,Tier 2,40,20,14.0,10,84.0,B - Strong fit,,,,
261,Tei Electrical Solutions,72,teiconst.com,,Maryland,Frederick,4840 Winchester Blvd,21703,Building Equipment Contractors,686621.0,https://www.linkedin.com/company/tei-construction,Tier 2,40,20,14.0,10,84.0,B - Strong fit,,,,
262,Lighting Maintenance,95,lightingmaintenance.com,,Virginia,Alexandria,14714 Southlawn Ln.,22310,Building Equipment Contractors,1960209.0,https://www.linkedin.com/company/lighting-maintenance-inc,Tier 2,40,20,14.0,10,84.0,B - Strong fit,,,,
263,TFMoran,80,tfmoran.com,,New Hampshire,Manchester,48 Constitution Dr,3110,Civil Engineering,1378616.0,https://www.linkedin.com/company/tf-moran,Tier 2,40,20,14.0,10,84.0,B - Strong fit,,,,
264,Accutitle Software,88,accu-title.com,,New Jersey,Beach Haven,Barclay Farms Shopping Center,8034,Real Estate,2228420.0,https://www.linkedin.com/company/accutitlesoftware,Tier 2,40,20,14.0,10,84.0,B - Strong fit,,,,
265,Center City Legal Reproductions,98,cclrinc.com,,Pennsylvania,Philadelphia,1315 Walnut St Ste 601,19107,Legal Services,2958329.0,https://www.linkedin.com/company/center-city-legal-reproductions,Tier 2,40,20,14.0,10,84.0,B - Strong fit,,,,
266,Northlake Steel,81,northlakesteel.com,,Ohio,Valley City,,,Machinery Manufacturing,773583.0,https://www.linkedin.com/company/northlake-steel-corporation,Tier 2,40,20,14.0,10,84.0,B - Strong fit,,,,
267,Agent Plus Realty,56,agentplusrealty.com,,Florida,Deerfield Beach,206 South Military Trail,33442,Real Estate Agents and Brokers,35440800.0,https://www.linkedin.com/company/agentplusrealty,Tier 2,40,20,14.0,10,84.0,B - Strong fit,,,,
268,Harrington Hoists,165,harringtonhoists.com,,Pennsylvania,Manheim,401 W End Ave,17545,Machinery Manufacturing,1056669.0,https://www.linkedin.com/company/harringtonhoist,Tier 2,40,20,14.0,10,84.0,B - Strong fit,,,,
269,Pitco,164,pitco.com,,New Hampshire,Bow,509 New Hampshire 3A,3304,Food and Beverage Services,1958126.0,https://www.linkedin.com/company/pitco,Tier 2,40,20,14.0,10,84.0,B - Strong fit,,,,
270,Gibson Electric,170,gibsonelec.com,,Illinois,Downers Grove,3100 Woodcreek Dr.,60515,Building Equipment Contractors,1712783.0,https://www.linkedin.com/company/gibson-electric-&-technology-solutions,Tier 2,40,20,14.0,10,84.0,B - Strong fit,,,,
271,PVEDI,125,pve-llc.com,,Pennsylvania,Sewickley,Ste. 101 2000 Georgetowne Dr.,15143,Civil Engineering,5206871.0,https://www.linkedin.com/company/pvedi-ae/,Tier 2,40,20,14.0,10,84.0,B - Strong fit,,,,
272,Sealy Management,127,sealyrealty.com,,Alabama,Tuscaloosa,1200 Greensboro Avenue,35401,Real Estate,9239099.0,https://www.linkedin.com/company/sealy-management-co-inc-,Tier 2,40,20,14.0,10,84.0,B - Strong fit,,,,
273,Links Unlimited,99,linksunlimited.com,,Ohio,Cincinnati,7050 Links Drive,45237,Wholesale,679228.0,https://www.linkedin.com/company/links-unlimited-inc-,Tier 2,40,20,14.0,10,84.0,B - Strong fit,,,,
274,Grand Industrial,64,grandindustrial.com,,Indiana,Indianapolis,802 East 86th Street,46240,Construction,656099.0,https://www.linkedin.com/company/grand-industrial,Tier 2,40,20,14.0,10,84.0,B - Strong fit,,,,
275,CompDrug,109,compdrug.org,,Ohio,Columbus,1410 Cleveland Ave.,43211,Mental Health Care,274431.0,https://www.linkedin.com/company/compdrug,Tier 2,40,20,14.0,10,84.0,B - Strong fit,,,,
276,Ghk Capital Partners,401,ghk.com,,Connecticut,Greenwich,28 Havemeyer Place,6830,Investment Management,27212974.0,https://www.linkedin.com/company/ghkcapital,Tier 2,30,30,14.0,10,84.0,B - Strong fit,,,,
277,Nexum,96,nexuminc.com,,Illinois,Chicago,190 S La Salle St,60603,Security and Investigations,244940.0,https://www.linkedin.com/company/nexum-inc/,Tier 2,40,20,14.0,10,84.0,B - Strong fit,,,,
278,Vibco Vibrators,88,vibco.com,,Rhode Island,Wyoming,,,Machinery Manufacturing,357544.0,https://www.linkedin.com/company/vibco,Tier 2,40,20,14.0,10,84.0,B - Strong fit,,,,
279,View,111,theviewpro.com,,Texas,Austin,501 Congress Avenue,78701,Media Production,18872234.0,https://www.linkedin.com/company/the-view-3dvisualization,Tier 2,40,20,14.0,10,84.0,B - Strong fit,,,,
280,Happy Trails,82,happytrailscbd.com,,Wisconsin,Appleton,3416 West College Avenue,54913,Wellness and Fitness Services,14811714.0,https://www.linkedin.com/company/happy-trails-cbd,Tier 2,40,20,14.0,10,84.0,B - Strong fit,,,,
281,Sanders Team Realty,141,sandersteamrealty.com,,Georgia,Woodstock,625 Molly Lane,30189,Real Estate Agents and Brokers,7199006.0,https://www.linkedin.com/company/sanders-team-realty,Tier 2,40,20,14.0,10,84.0,B - Strong fit,,,,
282,Detroit Automotive Group,81,dtigroup.com,,Michigan,,,,Motor Vehicle Manufacturing,950839.0,https://www.linkedin.com/company/alliance-interiors-llc,Tier 2,40,20,14.0,10,84.0,B - Strong fit,,,,
283,Women's Initiative,81,thewomensinitiative.org,,Virginia,Charlottesville,1101 East High Street,22902,Mental Health Care,81883040.0,https://www.linkedin.com/company/the-women-s-initiative,Tier 2,40,20,14.0,10,84.0,B - Strong fit,,,,
284,Laney Directional Drilling Company,100,laneydrilling.com,,Texas,Waller,1100 Alegacy Pl,77484,Construction,6393391.0,https://www.linkedin.com/company/laney,Tier 2,40,20,14.0,10,84.0,B - Strong fit,,,,
285,Recruitics,500,recruitics.com,,New York,New York,230 East Avenue,6855,Advertising Services,1177873.0,https://www.linkedin.com/company/recruitics,Tier 2,30,30,14.0,10,84.0,B - Strong fit,,,,
286,Perfex Chemical Solutions,95,perfexservices.com,,Oklahoma,Clinton,1050 N Price Rd,79065,Oil and Gas,51589798.0,https://www.linkedin.com/company/perfex-chemical-solutions,Tier 2,40,20,14.0,10,84.0,B - Strong fit,,,,
287,Buckner Heavylift Cranes,236,bucknerheavylift.com,United States,North Carolina,Graham,4732 North Carolina 54,27253,Construction,2201784.0,https://www.linkedin.com/company/bucknerheavyliftcranes,Tier 2,40,20,14.0,10,84.0,B - Strong fit,,,,
288,Blaw-knox,94,blawknox.com,,Florida,Orlando,,,Machinery Manufacturing,82491838.0,https://www.linkedin.com/company/blaw-knox,Tier 2,40,20,14.0,10,84.0,B - Strong fit,,,,
289,Corre,94,correinc.com,,Wisconsin,Madison,6510 Grand Teton Plaza,53719,Civil Engineering,2188696.0,https://www.linkedin.com/company/correinc,Tier 2,40,20,14.0,10,84.0,B - Strong fit,,,,
290,Marty B's,99,martybsplace.com,,Texas,Argyle,,,Food and Beverage Services,27010766.0,https://www.linkedin.com/company/martybs,Tier 2,40,20,14.0,10,84.0,B - Strong fit,,,,
291,Ventois,264,ventois.com,,Massachusetts,Shrewsbury,26 Julio Drive #Suite 201,1545,IT Services and IT Consulting,2957000.0,https://www.linkedin.com/company/ventois-inc,Tier 2,30,30,14.0,10,84.0,B - Strong fit,,,,
292,Runway 7,67,runway7fashion.com,,New York,New York,,,Entertainment Providers,93870204.0,https://www.linkedin.com/company/runway-7-fashion,Tier 2,40,20,14.0,10,84.0,B - Strong fit,,,,
293,Vaswani,82,vaswaniinc.com,,Texas,Frisco,75 Carter Dr Ste 1,8817,Retail,2225972.0,https://www.linkedin.com/company/vaswani-inc-/people/,Tier 2,40,20,14.0,10,84.0,B - Strong fit,,,,
294,Sunset Pool Management,77,sunsetpoolsmgmt.com,,Virginia,Arlington,2701 N PERSHING DR,22201,Facilities Services,56933703.0,https://www.linkedin.com/company/sunset-pool-inc,Tier 2,40,20,14.0,10,84.0,B - Strong fit,,,,
295,Willig Williams & Davidson,76,wwdlaw.com,,Pennsylvania,Philadelphia,1845 Walnut Street,19103,Law Practice,109699.0,https://www.linkedin.com/company/willig-williams-&-davidson,Tier 2,40,20,14.0,10,84.0,B - Strong fit,,,,
296,Tsc Offshore,223,tscoffshore.com,,Texas,Houston,7611 Railhead Ln,77086,Oil and Gas,579581.0,https://www.linkedin.com/company/tsc-offshore-group,Tier 2,40,20,14.0,10,84.0,B - Strong fit,,,,
297,Ptr Baler and Compactor Company,203,ptrco.com,,Pennsylvania,Philadelphia,2207 Ontario Street,19134,Machinery Manufacturing,703365.0,https://www.linkedin.com/company/ptr-baler-&-compactor,Tier 2,40,20,14.0,10,84.0,B - Strong fit,,,,
298,AIS Infrastructure,204,ais-infrastructurellc.com/,,Georgia,Carrollton,2250 Lovvorn Road,30117,Construction,3911951.0,https://www.linkedin.com/company/bradcoleconstruction,Tier 2,40,20,14.0,10,84.0,B - Strong fit,,,,
299,La Vida Hospitality,51,lavidahospitality.com,,Delaware,Rehoboth Beach,,,Hospitality,25039217.0,https://www.linkedin.com/company/lavidahg,Tier 2,40,20,14.0,10,84.0,B - Strong fit,,,,
300,Ramco Specialties,200,ramcospecialties.com,,Ohio,Hudson,5369 Hudson Dr,44236,Motor Vehicle Manufacturing,4357759.0,https://www.linkedin.com/company/ramco-specialties-inc,Tier 2,40,20,14.0,10,84.0,B - Strong fit,,,,
301,Sensidyne,68,sensidyne.com,,Florida,St Petersburg,1000 112th Circle North,33716,Environmental Services,121336.0,https://www.linkedin.com/company/sensidyne,Tier 2,40,20,14.0,10,84.0,B - Strong fit,,,,
302,Allegheny Millwork,118,alleghenymillwork.com,,Pennsylvania,Lawrence,104 Commerce Boulevard,15203,Construction,2241883.0,https://www.linkedin.com/company/allegheny-millwork,Tier 2,40,20,14.0,10,84.0,B - Strong fit,,,,
303,Capital Electric Construction,162,capitalelectric.com,,Kansas,Kansas City,,,Building Equipment Contractors,821413.0,https://www.linkedin.com/company/capital-electric-construction-company-inc.,Tier 2,40,20,14.0,10,84.0,B - Strong fit,,,,
304,Zuckerman Spaeder,161,zuckerman.com,,District of Columbia,Washington,"1800 M St NW, Ste 1000",20036,Law Practice,23898.0,https://www.linkedin.com/company/zuckerman-spaeder-llp,Tier 2,40,20,14.0,10,84.0,B - Strong fit,,,,
305,North American Properties,162,naproperties.com,,Ohio,Cincinnati,212 East 3rd Street,45202,Real Estate,293843.0,https://www.linkedin.com/company/north-american-properties,Tier 2,40,20,14.0,10,84.0,B - Strong fit,,,,
306,Hi-crush Blair,168,hicrushinc.com,,Texas,Houston,2777 Allen Pkwy Ste 600,77019,Oil and Gas,7121659.0,https://www.linkedin.com/company/hi-crush-proppants,Tier 2,40,20,14.0,10,84.0,B - Strong fit,,,,
307,Guardian Property Management,123,guardianprop.com,,Minnesota,Saint Paul,"708 Cleveland Ave SW, #160",55112,Real Estate,1443379.0,https://www.linkedin.com/company/guardian-property-management,Tier 2,40,20,14.0,10,84.0,B - Strong fit,,,,
308,Dvm Industries,51,dvmindustries.us,,New York,New York,1965 Steinway St,11105,Facilities Services,11487144.0,https://www.linkedin.com/company/dvm-industries,Tier 2,40,20,14.0,10,84.0,B - Strong fit,,,,
309,Dreamhouse,51,staydreamhouse.com,,Georgia,Atlanta,,,Real Estate,16208383.0,https://www.linkedin.com/company/staydreamhouse,Tier 2,40,20,14.0,10,84.0,B - Strong fit,,,,
310,Center For Emotional Health,201,cehcharlotte.com,,North Carolina,Charlotte,,,Mental Health Care,1278061.0,https://www.linkedin.com/company/centerforemotionalhealth,Tier 2,40,20,14.0,10,84.0,B - Strong fit,,,,
311,Coastal Pet Products,200,coastalpet.com,,Ohio,Alliance,911 Leadway Ave,44601,Manufacturing,261008.0,https://www.linkedin.com/company/coastal-pet-products-inc-,Tier 2,40,20,14.0,10,84.0,B - Strong fit,,,,
312,Innovent Technologies,53,innoventtech.com,,Massachusetts,Peabody,107 Audubon Road,1880,Manufacturing,144857.0,https://www.linkedin.com/company/innovent-technologies,Tier 2,40,20,14.0,10,84.0,B - Strong fit,,,,
313,Action Equipment,53,actrents.com,,Florida,Miami,3007 Northwest South River Drive,33142,Construction,11546050.0,https://www.linkedin.com/company/action-equipment-fl,Tier 2,40,20,14.0,10,84.0,B - Strong fit,,,,
314,Hmfh Architects,56,hmfh.com,,Massachusetts,Cambridge,130 Bishop Allen Drive,2139,Architecture and Planning,143856.0,https://www.linkedin.com/company/hmfh-architects-inc.,Tier 2,40,20,14.0,10,84.0,B - Strong fit,,,,
315,Afco Performance Group,52,afcoperformancegroup.com,,Indiana,Boonville,,,Motor Vehicle Manufacturing,2023507.0,https://www.linkedin.com/company/afco-performance-group,Tier 2,40,20,14.0,10,84.0,B - Strong fit,,,,
316,NeuroScience,144,neuroscienceinc.com,,Wisconsin,Knoxville,,,Wellness and Fitness Services,120361.0,https://www.linkedin.com/company/neuroscience,Tier 2,40,20,14.0,10,84.0,B - Strong fit,,,,
317,FILAMATIC,63,filamatic.com,,Maryland,Baltimore,4119 Fordleigh Rd,21215,Machinery Manufacturing,207822.0,https://www.linkedin.com/company/filamatic/,Tier 2,40,20,14.0,10,84.0,B - Strong fit,,,,
318,Argus Consulting,149,argusconsulting.com,,Kansas,Leawood,6363 College Boulevard,66211,Oil and Gas,140984.0,https://www.linkedin.com/company/argus-consulting,Tier 2,40,20,14.0,10,84.0,B - Strong fit,,,,
319,Wilkinson Barker Knauer,138,wbklaw.com,,District of Columbia,Washington,2300 N Street Northwest #700,20037,Law Practice,61374.0,https://www.linkedin.com/company/wilkinson-barker-knauer-llp,Tier 2,40,20,14.0,10,84.0,B - Strong fit,,,,
320,Canvas Health,219,canvashealth.org,,Minnesota,St Paul,7066 Stillwater Boulevard North,55128,Mental Health Care,3504837.0,https://www.linkedin.com/company/canvas-health,Tier 2,40,20,14.0,10,84.0,B - Strong fit,,,,
321,Allied Title & Escrow,58,alliedtitleandescrow.com,,Virginia,Arlington,3100 Clarendon Boulevard,22201,Real Estate,11337546.0,https://www.linkedin.com/company/allied-title-escrow/,Tier 2,40,20,14.0,10,84.0,B - Strong fit,,,,
322,Marshall Gerstein & Borun,220,marshallip.com,,Illinois,Chicago,"233 South Wacker Dr, 6300 Willis Tower",60606,Law Practice,36428.0,https://www.linkedin.com/company/marshall-gerstein-&-borun-llp,Tier 2,40,20,14.0,10,84.0,B - Strong fit,,,,
323,Performance Pulsation Control,57,performancepulsation.com,,Texas,Richardson,3309 Essex Drive,75082,Oil and Gas,3917447.0,https://www.linkedin.com/company/performance-pulsation-control,Tier 2,40,20,14.0,10,84.0,B - Strong fit,,,,
324,Macaran Printed Products,51,macaran.com,,New York,Cohoes,18 New Courtland Street,12047,Printing Services,1654083.0,https://www.linkedin.com/company/macaran-printed-products,Tier 2,40,18,14.0,10,82.0,B - Strong fit,,,,
325,Moody Street Group,51,moodystreet.com,,Massachusetts,Auburndale,134 Rumford Avenue,2466,Insurance Carriers,3060243.0,https://www.linkedin.com/company/the-moody-street-group-llc,Tier 2,40,18,14.0,10,82.0,B - Strong fit,,,,
326,Als Association Greater Philadelphia Chapter,51,alsa.org,,Pennsylvania,Ambler,,,Health and Human Services,139733.0,https://www.linkedin.com/company/als-association-greater-philadelphia-chapter,Tier 2,40,18,14.0,10,82.0,B - Strong fit,,,,
327,Rosemont Market & Bakery,56,rosemontmarket.com,,Maine,Portland,,,Baked Goods Manufacturing,2887897.0,https://www.linkedin.com/company/rosemont-market-&-bakery,Tier 2,40,18,14.0,10,82.0,B - Strong fit,,,,
328,Environmental Wood Solutions,56,ewsrecycle.com,,Michigan,Lake Orion,3500 Giddings Road,48359,Retail Building Materials and Garden Equipment,64501578.0,https://www.linkedin.com/company/envwood,Tier 2,40,18,14.0,10,82.0,B - Strong fit,,,,
329,Mit Federal Credit Union,57,mitfcu.org,,Massachusetts,Lexington,,,Savings Institutions,15175302.0,https://www.linkedin.com/company/mit-federal-credit-union,Tier 2,40,18,14.0,10,82.0,B - Strong fit,,,,
330,Ca South,58,ca-south.com,,Georgia,Atlanta,918 South St,37203,Building Construction,3042783.0,https://www.linkedin.com/company/ca-south,Tier 2,40,18,14.0,10,82.0,B - Strong fit,,,,
331,Rc Andersen,58,rcandersen.com,,New Jersey,Fairfield,,,Building Construction,1110643.0,https://www.linkedin.com/company/rc-andersen-llc,Tier 2,40,18,14.0,10,82.0,B - Strong fit,,,,
332,Ld Systems,146,ldsystems.com,,Texas,,,,Events Services,302138.0,https://www.linkedin.com/company/ldsystemsusa,Tier 2,40,18,14.0,10,82.0,B - Strong fit,,,,
333,Psychotherapy Networker,150,psychotherapynetworker.org,,District of Columbia,Washington,,,Book and Periodical Publishing,1774592.0,https://www.linkedin.com/company/psychotherapy-networker,Tier 2,40,18,14.0,10,82.0,B - Strong fit,,,,
334,Deep Centered Mental Health,130,deepcentered.com,,Texas,,,,Mental Health Care,,https://www.linkedin.com/company/deep-eddy-psychotherapy,Tier 2,40,20,14.0,8,82.0,B - Strong fit,,,,
335,Guild For Exceptional Children,131,gecbklyn.org,,New York,Brooklyn,260 68th Street,11220,Individual and Family Services,11787751.0,https://www.linkedin.com/company/the-guild-for-exceptional-children,Tier 2,40,18,14.0,10,82.0,B - Strong fit,,,,
336,Wheelhouse,131,choosewheelhouse.com,,Texas,,,,Entertainment Providers,,https://www.linkedin.com/company/wheel-house-llc,Tier 2,40,20,14.0,8,82.0,B - Strong fit,,,,
337,"Cerris Builders, Inc.",220,cerrisbuilders.com,,Texas,Pflugerville,3712 Helios Way,78660,Construction,,https://www.linkedin.com/company/cerrisbuilders,Tier 2,40,20,14.0,8,82.0,B - Strong fit,,,,
338,Marketer Tips,202,chasedimond.com,,District of Columbia,Los Angeles,12655 West Jefferson Boulevard,90066,Media Production,,https://www.linkedin.com/company/marketer-tips,Tier 2,40,20,14.0,8,82.0,B - Strong fit,,,,
339,Fortune International Group,209,fortuneintlgroup.com,,Florida,,,,Real Estate,,https://www.linkedin.com/company/fortune-international-group,Tier 2,40,20,14.0,8,82.0,B - Strong fit,,,,
340,Partnership For Maternal & Child Health of Northern New Jersey,217,partnershipmch.org,,New Jersey,Newark,50 Park Place,7102,Family Planning Centers,10963805.0,https://www.linkedin.com/company/partnershipmchnj,Tier 2,40,18,14.0,10,82.0,B - Strong fit,,,,
341,North Carolina Education Lottery,198,nclottery.com,,North Carolina,Raleigh,PO Box 41606,27603,Entertainment Providers,,https://www.linkedin.com/company/north-carolina-education-lottery,Tier 2,40,20,14.0,8,82.0,B - Strong fit,,,,
342,Institute of Scrap Recycling Industries,177,isri.org,,District of Columbia,Washington,1250 I Street Northwest,20036,Wholesale Recyclable Materials,563629.0,https://www.linkedin.com/company/institute-of-scrap-recycling-industries-inc--isri-,Tier 2,40,18,14.0,10,82.0,B - Strong fit,,,,
343,Networks Presentations,122,networkstours.com,,Maryland,Columbia,,,Theater Companies,263898.0,https://www.linkedin.com/company/networks-presentations,Tier 2,40,18,14.0,10,82.0,B - Strong fit,,,,
344,Dallas Regional Chamber,124,dallaschamber.org,,Texas,Dallas,500 North Akard Street,75201,Industry Associations,23974.0,https://www.linkedin.com/company/dallas-regional-chamber,Tier 2,40,18,14.0,10,82.0,B - Strong fit,,,,
345,National Student Leadership Conference,167,nslcleaders.org,,District of Columbia,"Washington, D.C.",400 New Jersey Avenue Northwest,20003,Professional Training and Coaching,963844.0,https://www.linkedin.com/company/national-student-leadership-conference,Tier 2,40,18,14.0,10,82.0,B - Strong fit,,,,
346,Burkert USA,167,burkert-usa.com,,North Carolina,Huntersville,11425 Mount Holly-Huntersville Road,28078,Metal Valve Ball and Roller Manufacturing,98529.0,https://www.linkedin.com/company/burkertusacorp,Tier 2,40,18,14.0,10,82.0,B - Strong fit,,,,
347,Avl Technologies,168,avltech.com,,North Carolina,Asheville,15 North Merrimon Ave.,28802,Satellite Telecommunications,2180303.0,https://www.linkedin.com/company/avl-technologies,Tier 2,40,18,14.0,10,82.0,B - Strong fit,,,,
348,Bloomin Blinds,116,bloominblinds.com,,Texas,Plano,1411 Lemay Drive,75007,Mattress and Blinds Manufacturing,69846142.0,https://www.linkedin.com/company/bloomin-blinds,Tier 2,40,18,14.0,10,82.0,B - Strong fit,,,,
349,Slade Gorton & Co,107,sladegorton.com,,Massachusetts,Boston,225 Southampton St,2118,Seafood Product Manufacturing,155832.0,https://www.linkedin.com/company/slade-gorton,Tier 2,40,18,14.0,10,82.0,B - Strong fit,,,,
350,Charter Homes & Neighborhoods,97,charterhomes.com,,Pennsylvania,Lancaster,1190 Dillerville Rd,17601,Residential Building Construction,217929.0,https://www.linkedin.com/company/charter-homes-&-neighborhoods,Tier 2,40,18,14.0,10,82.0,B - Strong fit,,,,
351,"MHF Design Consultants, Inc.",120,mhfdesign.com,,New Hampshire,Salem,44 Stiles Rd Ste 1,,Media Production,,https://www.linkedin.com/company/greenman-pedersen-inc-,Tier 2,40,20,14.0,8,82.0,B - Strong fit,,,,
352,EDC,156,edcweb.com/,,Missouri,Columbia,,,Building Construction,950756.0,https://www.linkedin.com/company/edcgc,Tier 2,40,18,14.0,10,82.0,B - Strong fit,,,,
353,Treetops Resort,156,treetops.com,,Michigan,Gaylord,3962 Wilkinson Road,49735,Golf Courses and Country Clubs,1643734.0,https://www.linkedin.com/company/treetops-resort,Tier 2,40,18,14.0,10,82.0,B - Strong fit,,,,
354,Visit San Antonio,147,visitsanantonio.com,,Texas,San Antonio,317 Alamo Plaza,78205,Travel Arrangements,121084.0,https://www.linkedin.com/company/visitsanantonio,Tier 2,40,18,14.0,10,82.0,B - Strong fit,,,,
355,American Roofing & Metal Company,150,americanroofingonline.com,,Kentucky,Louisville,4610 Roofing Road,40218,Building Structure and Exterior Contractors,1702452.0,https://www.linkedin.com/company/american-roofing-&-metal,Tier 2,40,18,14.0,10,82.0,B - Strong fit,,,,
356,Asset Based Lending,150,ablfunding.com,,New Jersey,Jersey City,30 Montgomery St Ste 215,7301,Real Estate,,https://www.linkedin.com/company/asset-based-lending-llc,Tier 2,40,20,14.0,8,82.0,B - Strong fit,,,,
357,National Checking Company,150,ncco.com,,Minnesota,Saint Paul,899 Montreal Way,,Food and Beverage Services,,https://www.linkedin.com/company/ncco,Tier 2,40,20,14.0,8,82.0,B - Strong fit,,,,
358,"RPJ Waste Services, Inc.",100,rpjwaste.com,,Delaware,Smyrna,453 Pier Head Blvd,,Environmental Services,,https://www.linkedin.com/company/casella-waste-systems,Tier 2,40,20,14.0,8,82.0,B - Strong fit,,,,
359,Wine Spectator,101,winespectator.com,,New York,,,,Book and Periodical Publishing,4036047.0,https://www.linkedin.com/company/wine-spectator,Tier 2,40,18,14.0,10,82.0,B - Strong fit,,,,
360,M2 Logistics,104,m2logistics.com,,Wisconsin,Appleton,2701 Executive Drive,54305,Truck Transportation,9502694.0,https://www.linkedin.com/company/m2-logistics,Tier 2,40,18,14.0,10,82.0,B - Strong fit,,,,
361,WVIA,99,wvia.org,,Pennsylvania,Pittston,100 WVIA Way,18640,Broadcast Media Production and Distribution,261542.0,https://www.linkedin.com/company/wviatvfm,Tier 2,40,18,14.0,10,82.0,B - Strong fit,,,,
362,Recycling Management Resources,85,recyclingmr.com,,Georgia,Duluth,4550 River Green Parkway,30096,Wholesale Recyclable Materials,22327505.0,https://www.linkedin.com/company/recyclingmanagementresources,Tier 2,40,18,14.0,10,82.0,B - Strong fit,,,,
363,Dance Media Publications,85,dancemedia.com,,New York,New York,110 William Street,10038,Periodical Publishing,13009518.0,https://www.linkedin.com/company/dance-media,Tier 2,40,18,14.0,10,82.0,B - Strong fit,,,,
364,Single,100,single.xyz,,Tennessee,Nashville,2022 Lindell Avenue,37203,Sound Recording,10579236.0,https://www.linkedin.com/company/single,Tier 2,40,18,14.0,10,82.0,B - Strong fit,,,,
365,Assist Healthcare Staffing,128,nursestaffing.com,,Georgia,Blue Ridge,2800 Scenic Drive,30513,Temporary Help Services,3561636.0,https://www.linkedin.com/company/assist-healthcare-staffing,Tier 2,40,18,14.0,10,82.0,B - Strong fit,,,,
366,Transport Enterprise Leasing,129,tel360.com,,Tennessee,Greater Chattanooga,400 Birmingham Hwy Ste 350,37419,Truck Transportation,6831429.0,https://www.linkedin.com/company/transport-enterprise-leasing-llc/,Tier 2,40,18,14.0,10,82.0,B - Strong fit,,,,
367,NRCC,140,nrcc.org,,District of Columbia,Washington,320 First Street Southeast,20036,Political Organizations,165112.0,https://www.linkedin.com/company/national-republican-congressional-committee,Tier 2,40,18,14.0,10,82.0,B - Strong fit,,,,
368,Association To Benefit Children,169,a-b-c.org,,New York,New York,419 East 86th Street,10028,Cable and Satellite Programming,14008657.0,https://www.linkedin.com/company/association-to-benefit-children,Tier 2,40,18,14.0,10,82.0,B - Strong fit,,,,
369,Raymond,176,raymondllc.com,,Georgia,,,,Architecture and Planning,,https://www.linkedin.com/company/raymond-engineering-georgia-llc,Tier 2,40,20,14.0,8,82.0,B - Strong fit,,,,
370,Primal Pet Foods,226,primalpetfoods.com,,California,Fairfield,,92612,Animal Feed Manufacturing,2303198.0,https://www.linkedin.com/company/primalpetfoods,Tier 2,40,18,14.0,10,82.0,B - Strong fit,,,,
371,Samuel & Sons,201,samuelandsons.com,,New York,Baton Rouge,983 3rd Avenue,70801,Textile Manufacturing,1374769.0,https://www.linkedin.com/company/samuel-&-sons-passementerie,Tier 2,40,18,14.0,10,82.0,B - Strong fit,,,,
372,Tcc Group,242,tccgrp.com,,New York,New York,31 West 27th Street,10001,Strategic Management Services,39763.0,https://www.linkedin.com/company/tcc-group,Tier 2,40,18,14.0,10,82.0,B - Strong fit,,,,
373,Gentrac Guatemala,247,gentrac.com.gt,,,,,,Rubber Products Manufacturing,116399.0,https://www.linkedin.com/company/gentrac,Tier 2,40,18,14.0,10,82.0,B - Strong fit,,,,
374,Hard Rock Hotel & Casino Bristol,235,hardrockhotelcasinobristol.com,,Virginia,Bristol,500 Gate City Hwy,24201,Gambling Facilities and Casinos,79101279.0,https://www.linkedin.com/company/hard-rock-hotel-casino-bristol,Tier 2,40,18,14.0,10,82.0,B - Strong fit,,,,
375,Lg Energy Solution Vertech,236,lgensol-vt.com,,Massachusetts,Westborough,155  FLANDERS RD,1581,Renewable Energy Semiconductor Manufacturing,86632007.0,https://www.linkedin.com/company/lg-energy-solution-vertech-inc1,Tier 2,40,18,14.0,10,82.0,B - Strong fit,,,,
376,Xcentric Mold & Engineering,100,xcentricmold.com,,Michigan,Clinton Township,24541 Maplehurst Drive,48036,Plastics Manufacturing,1481044.0,https://www.linkedin.com/company/xcentric-mold-and-engineering,Tier 2,40,18,14.0,10,82.0,B - Strong fit,,,,
377,Renu Energy Solutions,98,renuenergysolutions.com,,North Carolina,Charlotte,801 Pressley Rd Ste 100,28217,Solar Electric Power Generation,5187162.0,https://www.linkedin.com/company/renu-energy-solutions,Tier 2,40,18,14.0,10,82.0,B - Strong fit,,,,
378,Delta Mold,93,deltamold.com,,North Carolina,Charlotte,,,Plastics Manufacturing,27015358.0,https://www.linkedin.com/company/deltamold-inc,Tier 2,40,18,14.0,10,82.0,B - Strong fit,,,,
379,Ieee Sensors Council,88,ieee-sensors.org,,New Jersey,Piscataway,,,Professional Organizations,71642105.0,https://www.linkedin.com/company/ieee-sensors-council,Tier 2,40,18,14.0,10,82.0,B - Strong fit,,,,
380,On Line Design,91,o-l-design.com,,Ohio,Cincinnati,12057 Sheraton Lane,45246,Industrial Machinery Manufacturing,454442.0,https://www.linkedin.com/company/on-line-design-inc.,Tier 2,40,18,14.0,10,82.0,B - Strong fit,,,,
381,Sycn Auto Logistics,75,shipyourcarnow.com,,Florida,Boca Raton,"1160 South Rogers Circle, Ste. 1",33487,Truck Transportation,2505701.0,https://www.linkedin.com/company/sycnautologistics,Tier 2,40,18,14.0,10,82.0,B - Strong fit,,,,
382,Murtech Staffing & Solutions,75,murtechconsulting.com,,Ohio,-,4700 Rockside Road,44131,Temporary Help Services,132125.0,https://www.linkedin.com/company/murtech,Tier 2,40,18,14.0,10,82.0,B - Strong fit,,,,
383,Aerodyn Engineering,75,aerodyn-global.com,,Indiana,Indianapolis,1919 South Girls School Road,46241,Engines and Power Transmission Equipment Manufacturing,2675169.0,https://www.linkedin.com/company/aerodyn-engineering-inc-,Tier 2,40,18,14.0,10,82.0,B - Strong fit,,,,
384,Seminole Nation Of Oklahoma,111,sno-nsn.gov,,Oklahoma,,,,Wellness and Fitness Services,,https://www.linkedin.com/company/seminole-nation-of-oklahoma,Tier 2,40,20,14.0,8,82.0,B - Strong fit,,,,
385,Geloso Beverage Group,103,gelosobeveragegroup.com,,New York,Rochester,,,Wholesale Alcoholic Beverages,5339420.0,https://www.linkedin.com/company/geloso-beverage-group,Tier 2,40,18,14.0,10,82.0,B - Strong fit,,,,
386,Champion Fiberglass,113,championfiberglass.com,,Texas,Spring,6400  SPRING STUEBNER RD,77389,Appliances Electrical and Electronics Manufacturing,1388723.0,https://www.linkedin.com/company/champion-fiberglass-inc-,Tier 2,40,18,14.0,10,82.0,B - Strong fit,,,,
387,Mediagistic,114,mgstatic.net,,Florida,Tampa,,,Media Production,,https://www.linkedin.com/company/mediagistic,Tier 2,40,20,14.0,8,82.0,B - Strong fit,,,,
388,Armor Express,115,armorexpress.com,,Virginia,Arlington,4501 N Fairfax Dr Ste 720,22203,Defense and Space Manufacturing,748944.0,https://www.linkedin.com/company/armor-express,Tier 2,40,18,14.0,10,82.0,B - Strong fit,,,,
389,Narda-MITEQ,108,nardamiteq.com,,New York,Hauppauge,600 3rd Avenue,10016,Defense and Space Manufacturing,77639542.0,https://www.linkedin.com/company/narda-miteq,Tier 2,40,18,14.0,10,82.0,B - Strong fit,,,,
390,Associated Construction Company,85,accgc.com,,Connecticut,Hartford,,,Building Construction,1788904.0,https://www.linkedin.com/company/the-associated-construction-company,Tier 2,40,18,14.0,10,82.0,B - Strong fit,,,,
391,Vmsi,85,vetms.com,,Virginia,Sterling,14 Pidgeon Hill Dr Ste 500,20165,Office Administration,5275322.0,https://www.linkedin.com/company/vmsi,Tier 2,40,18,14.0,10,82.0,B - Strong fit,,,,
392,Nachawati Law Group,92,ntrial.com,,Texas,,,,Law Practice,,https://www.linkedin.com/company/fears-i-nachawati,Tier 2,40,20,14.0,8,82.0,B - Strong fit,,,,
393,Lincoln IT,93,lincolnit.com,,New York,Hicksville,25 Bloomingdale Road,11801,Professional Services,756524.0,www.linkedin.com/company/lincoln-computer-services,Tier 2,40,18,14.0,10,82.0,B - Strong fit,,,,
394,Road Less Traveled,88,theroadlesstraveled.com,,Illinois,Chicago,2331 North Elston Avenue,60614,Travel Arrangements,2342431.0,https://www.linkedin.com/company/the-road-less-traveled,Tier 2,40,18,14.0,10,82.0,B - Strong fit,,,,
395,Refrigerated Solutions Group,88,master-bilt.com,,Wisconsin,Hudson,,,Retail Office Equipment,65503212.0,https://www.linkedin.com/company/refsg,Tier 2,40,18,14.0,10,82.0,B - Strong fit,,,,
396,Bitflow Innovative Group,84,bitflowgroup.com,,Virginia,Sterling,22960 Shaw Rd,20166,Temporary Help Services,68010837.0,https://www.linkedin.com/company/bitflow-innovative-group,Tier 2,40,18,14.0,10,82.0,B - Strong fit,,,,
397,US Institute of Diplomacy and Human Rights,80,usidhr.org,,District of Columbia,Washington,1250 Connecticut Avenue Northwest,20036,Professional Training and Coaching,64692061.0,https://www.linkedin.com/company/us-institute-of-diplomacy-and-human-rights,Tier 2,40,18,14.0,10,82.0,B - Strong fit,,,,
398,Charter Furniture,66,charterfurniture.com,,North Carolina,Liberty,9860 Gidley Street,91731,Wholesale Furniture and Home Furnishings,27249038.0,https://www.linkedin.com/company/charterfurniture,Tier 2,40,18,14.0,10,82.0,B - Strong fit,,,,
399,Production Management One,66,productionmanagementone.com,,Maryland,Gaithersburg,4059 Broad River Rd,29210,Events Services,11781426.0,https://www.linkedin.com/company/production-management-one,Tier 2,40,18,14.0,10,82.0,B - Strong fit,,,,
400,Georgetown University Public Real Estate Fund,66,gupref.org,,District of Columbia,,,,Real Estate,,https://www.linkedin.com/company/georgetown-university-public-real-estate-fund,Tier 2,40,20,14.0,8,82.0,B - Strong fit,,,,
401,ASBECO,98,asbeco.com,,Georgia,Cumming,"2665 Pine Grove Road, Suite 200",30041,Industrial Machinery Manufacturing,3629260.0,https://www.linkedin.com/company/associated-beach-coulson,Tier 2,40,18,14.0,10,82.0,B - Strong fit,,,,
402,Ampliphi Inc.,101,ampliphi.io,,Georgia,Atlanta,1831 Charline Ave Ne,,Environmental Services,,https://www.linkedin.com/company/ampliphi-io,Tier 2,40,20,14.0,8,82.0,B - Strong fit,,,,
403,QualTech RPO,99,qualtechrpo.com,,New Jersey,Perth Amboy,,8861,Temporary Help Services,13327850.0,https://www.linkedin.com/company/qualtechrpo,Tier 2,40,18,14.0,10,82.0,B - Strong fit,,,,
404,Coulture Magazine,97,coulture.org,,North Carolina,Chapel Hill,,,Periodical Publishing,28152659.0,https://www.linkedin.com/company/coulturemagazine,Tier 2,40,18,14.0,10,82.0,B - Strong fit,,,,
405,Sun Coast Press,238,suncoastpress.com,,Florida,Port Charlotte,23170 Harbor View Road,33980,Media Production,,https://www.linkedin.com/company/suncoast-press-svc,Tier 2,40,20,14.0,8,82.0,B - Strong fit,,,,
406,Chris 180,238,christianbook.com,,Georgia,Atlanta,1960 Peabody Street,1960,Community Services,62197.0,https://www.linkedin.com/company/chris180,Tier 2,40,18,14.0,10,82.0,B - Strong fit,,,,
407,Argus Community,238,arguscommunity.org,,New York,Bronx,760 East 160th Street,10456,Community Services,11772881.0,https://www.linkedin.com/company/argus-community-inc,Tier 2,40,18,14.0,10,82.0,B - Strong fit,,,,
408,Independent Living Services,179,indliving.org,,Arkansas,Conway,615 East Robins Street,72032,Services for the Elderly and Disabled,2086333.0,https://www.linkedin.com/company/independent-living-services-inc.,Tier 2,40,18,14.0,10,82.0,B - Strong fit,,,,
409,Ksm Electronics,185,ksmelectronics.com,,Florida,Fort Lauderdale,5607 Hiatus Rd,33321,Appliances Electrical and Electronics Manufacturing,409742.0,https://www.linkedin.com/company/ksm-electronics-inc,Tier 2,40,18,14.0,10,82.0,B - Strong fit,,,,
410,Flexan,191,flexan.com,,Illinois,Lincolnshire,500 Bond Street,60069,Rubber Products Manufacturing,3583235.0,https://www.linkedin.com/company/flexanllc,Tier 2,40,18,14.0,10,82.0,B - Strong fit,,,,
411,Crown Homes Real Estate,80,crownhomes.com,,Delaware,,,,Real Estate,,https://www.linkedin.com/company/crown-homes-real-estate,Tier 2,40,20,14.0,8,82.0,B - Strong fit,,,,
412,"J & W ENTERPRISES, INC.",80,brokerage-martin.sites.erarealestate.com,,Ohio,Chillicothe,159 E Main St,,Real Estate,,https://www.linkedin.com/company/era-real-estate,Tier 2,40,20,14.0,8,82.0,B - Strong fit,,,,
413,Heartland Automation,58,heartlandautomation.com,,Kentucky,Georgetown,,,Automation Machinery Manufacturing,9412386.0,https://www.linkedin.com/company/heartland-automation-llc,Tier 2,40,18,14.0,10,82.0,B - Strong fit,,,,
414,Affiliated Financial Group,58,afingrp.com,,West Virginia,Elkview,4508 Pennsylvania Avenue,25302,Insurance Carriers,74798938.0,https://www.linkedin.com/company/affiliatedfinancialgroupinc,Tier 2,40,18,14.0,10,82.0,B - Strong fit,,,,
415,Zoom,78,zoomtechnical.com,,Massachusetts,Woburn,300 Tradecenter Drive,1801,Temporary Help Services,2516356.0,https://www.linkedin.com/company/zoom-technical-services-inc-,Tier 2,40,18,14.0,10,82.0,B - Strong fit,,,,
416,Pathfinder,72,pathfinderinc.com,,New Jersey,Cherry Hill,11 Allison Drive,8003,Strategic Management Services,343065.0,https://www.linkedin.com/company/pathfinder-llc,Tier 2,40,18,14.0,10,82.0,B - Strong fit,,,,
417,Action Benefits Company,73,actionbenefits.com,,Michigan,Southfield,25800 Northwestern Highway,48076,Insurance Carriers,10418775.0,https://www.linkedin.com/company/the-action-benefits-company,Tier 2,40,18,14.0,10,82.0,B - Strong fit,,,,
418,Anisa International,86,anisa.com,,Georgia,Atlanta,225 Ottley Drive Northeast,30324,Personal Care Product Manufacturing,253193.0,https://www.linkedin.com/company/anisa-international-inc-,Tier 2,40,18,14.0,10,82.0,B - Strong fit,,,,
419,Andrew Harper,86,andrewharper.com,,Illinois,Chicago,,,Book and Periodical Publishing,140751.0,https://www.linkedin.com/company/andrew-harper,Tier 2,40,18,14.0,10,82.0,B - Strong fit,,,,
420,Craft and Technical Solutions,87,craftandtechllc.com,,Mississippi,Pascagoula,3452 Pascagoula Street,39567,Temporary Help Services,24980795.0,https://www.linkedin.com/company/craft-and-technical-solutions-llc,Tier 2,40,18,14.0,10,82.0,B - Strong fit,,,,
421,Fur,95,furyou.com,,Texas,Austin,,,Consumer Services,,https://www.linkedin.com/company/fur-llc/,Tier 2,40,20,14.0,8,82.0,B - Strong fit,,,,
422,Fader,88,thefader.com,,New York,New York,71 West 23rd Street,10010,Book and Periodical Publishing,4985412.0,https://www.linkedin.com/company/thefader,Tier 2,40,18,14.0,10,82.0,B - Strong fit,,,,
423,Grandlife Hotels,84,grandlifehotels.com,,New York,New York,310 West Broadway,10013,Hotels and Motels,2300976.0,https://www.linkedin.com/company/grandlife-hotels,Tier 2,40,18,14.0,10,82.0,B - Strong fit,,,,
424,Cho America,59,cho-america.com,,Texas,Houston,204 Ymca Drive,77521,Wholesale Raw Farm Products,5590014.0,https://www.linkedin.com/company/c-h-o-america,Tier 2,40,18,14.0,10,82.0,B - Strong fit,,,,
425,"Indigo Construction, LLC",70,indigo-construction.com,,Texas,San Antonio,1100 Nw Loop 410 Ste 400,78101,Construction,,https://www.linkedin.com/company/indigo-construction-llc,Tier 2,40,20,14.0,8,82.0,B - Strong fit,,,,
426,Anything,68,anything.graphics,,Delaware,Dover,,,Graphic Design,104440498.0,https://www.linkedin.com/company/anything-star-ai,Tier 2,40,18,14.0,10,82.0,B - Strong fit,,,,
427,Joe Mama's,65,joemamaspizza.com,,Florida,Port St Joe,,,Baked Goods Manufacturing,60913173.0,https://www.linkedin.com/company/joe-mama's-llc,Tier 2,40,18,14.0,10,82.0,B - Strong fit,,,,
428,Process Combustion Corporation (PCC),68,pcc-group.com,,Pennsylvania,,,,Environmental Services,,https://www.linkedin.com/company/process-combustion-corporation,Tier 2,40,20,14.0,8,82.0,B - Strong fit,,,,
429,Intuceo,69,intuceo.com,,Florida,Jacksonville,4110 Southpoint Boulevard,32216,Business Intelligence Platforms,9309183.0,https://www.linkedin.com/company/intuceo,Tier 2,40,18,14.0,10,82.0,B - Strong fit,,,,
430,Bmg Bakery,67,bmgbakery.net,,Georgia,Ringgold,460  ROLLINS INDUSTRIAL CT,30736,Baked Goods Manufacturing,81224886.0,https://www.linkedin.com/company/bmg-bakery,Tier 2,40,18,14.0,10,82.0,B - Strong fit,,,,
431,Smartland,82,bodyblockarcade.com,,Florida,Miami,,,Real Estate,,https://www.linkedin.com/company/smartland-ohio,Tier 2,40,20,14.0,8,82.0,B - Strong fit,,,,
432,Mazzuca Contracting,83,mazzucacontracting.com,,Maryland,,,,Construction,,https://www.linkedin.com/company/ntc-mazzuca-contracting-inc-,Tier 2,40,20,14.0,8,82.0,B - Strong fit,,,,
433,Diverse Logistics & Distribution,65,elitediverse.com,,Florida,Tampa,6530 Tampa Executive Airport Rd,33602,Transportation Logistics Supply Chain and Storage,52878793.0,https://www.linkedin.com/company/diverse-logistics-&-distribution-inc.,Tier 2,40,18,14.0,10,82.0,B - Strong fit,,,,
434,Allied Group Renovation Experts,62,addastar.com,,New Jersey,Neptune,2109 Heck Avenue,7753,Building Structure and Exterior Contractors,522252.0,https://www.linkedin.com/company/allied-construction-management,Tier 2,40,18,14.0,10,82.0,B - Strong fit,,,,
435,Waunakee Remodeling,62,waunakeeremodeling.com,,Wisconsin,Madison,1001 Frank H Street,53597,Building Structure and Exterior Contractors,903984.0,https://www.linkedin.com/company/waunakee-remodeling,Tier 2,40,18,14.0,10,82.0,B - Strong fit,,,,
436,The Charlton School,63,charltonschool.org,,New York,,,,Mental Health Care,,https://www.linkedin.com/company/charlton-school,Tier 2,40,20,14.0,8,82.0,B - Strong fit,,,,
437,Blue Tide,59,bluetide.com,,Texas,,,77027,Environmental Services,,linkedin.com/company/blue-tide-base-oil/,Tier 2,40,20,14.0,8,82.0,B - Strong fit,,,,
438,Blackstone Industries,60,blackstoneind.com,,Connecticut,Bethel,16 Stony Hill Rd.,6801,Metalworking Machinery Manufacturing,326217.0,https://www.linkedin.com/company/blackstone-industries,Tier 2,40,18,14.0,10,82.0,B - Strong fit,,,,
439,T. C. Jacoby & Company,60,jacoby.com,,Missouri,St Louis,"1716 Hidden Creek Court
Suite 250",63131,Dairy Product Manufacturing,14791431.0,https://www.linkedin.com/company/tcjacoby,Tier 2,40,18,14.0,10,82.0,B - Strong fit,,,,
440,Covation Biomaterials,64,covationbio.com,,Delaware,Newark,"800  PRIDES XING 
STE 201",19713,Chemical Manufacturing,19137093.0,https://www.linkedin.com/company/covation-biomaterials,Tier 2,40,18,14.0,10,82.0,B - Strong fit,,,,
441,Hamilton Farm Golf Club,67,hamiltonfarmgolfclub.com,,New Jersey,Peapack - Gladstone,1040 Pottersville Road,7934,Golf Courses and Country Clubs,1681518.0,https://www.linkedin.com/company/hamilton-farm-golf-club,Tier 2,40,18,14.0,10,82.0,B - Strong fit,,,,
442,Vines,54,the-vines.com,,Maryland,Lothian,,M5502,Beverage Manufacturing,51729549.0,https://www.linkedin.com/company/vinesglobal,Tier 2,40,18,14.0,10,82.0,B - Strong fit,,,,
443,Arvi VR,55,arvilab.com,,North Carolina,Wilmington,,28403,Mobile Gaming Apps,17988788.0,https://www.linkedin.com/company/arvivr,Tier 2,40,18,14.0,10,82.0,B - Strong fit,,,,
444,Direct Wines,52,directwinesinc.com,,Connecticut,Norwalk,20 Marshall Street,6854,Wholesale Alcoholic Beverages,11253337.0,https://www.linkedin.com/company/directwinesinc,Tier 2,40,18,14.0,10,82.0,B - Strong fit,,,,
445,Hardesty Concrete Construction,58,hardestyconcrete.com,,Virginia,Sterling,45180 Business Court,20166,Building Structure and Exterior Contractors,5034937.0,https://www.linkedin.com/company/hardesty-concrete,Tier 2,40,18,14.0,10,82.0,B - Strong fit,,,,
446,Tradepro,56,tradepro.com,,Florida,Miami,1810 Northeast 144th Street,33181,Plastics Manufacturing,10676759.0,https://www.linkedin.com/company/tradepro-inc.,Tier 2,40,18,14.0,10,82.0,B - Strong fit,,,,
447,Indoswift Consultancy Services,52,indoswift.com,,New York,-,,,Translation and Localization,13632631.0,https://www.linkedin.com/company/indoswift-consultancy-services-pvt-ltd,Tier 2,40,18,14.0,10,82.0,B - Strong fit,,,,
448,Joynd,51,joynd.io,,Florida,Orlando,37 N Orange Ave,32801,Human Resources Services,65559678.0,https://www.linkedin.com/company/joyndio,Tier 2,40,18,14.0,10,82.0,B - Strong fit,,,,
449,Molecular Designs,52,moleculardesigns.com,,Alabama,Helena,13413 Galleria Circle,35243,Medical and Diagnostic Laboratories,69477560.0,https://www.linkedin.com/company/molecular-designs,Tier 2,40,18,14.0,10,82.0,B - Strong fit,,,,
450,Town Of Yarmouth Massachusetts,75,yarmouth.ma.us,,Massachusetts,South Yarmouth,1146 Rte 28,2664,Recreational Facilities,,https://www.linkedin.com/company/town-of-yarmouth-ma,Tier 2,40,18,14.0,8,80.0,B - Strong fit,,,,
451,Contractors,156,contractorsinc.com,,Tennessee,Memphis,4777 Westerville Road,43231,Building Structure and Exterior Contractors,,https://www.linkedin.com/company/contractors-inc,Tier 2,40,18,14.0,8,80.0,B - Strong fit,,,,
452,Clipt Media,85,clipt.co,,Illinois,Chicago,,,Photography,,https://www.linkedin.com/company/clipt-inc,Tier 2,40,18,14.0,8,80.0,B - Strong fit,,,,
453,Wonderlic,98,wonderlic.ai,,Illinois,Vernon Hills,400 Lakeview Pkwy,60061,Professional Services,,https://www.linkedin.com/company/wonderlic,Tier 2,40,18,14.0,8,80.0,B - Strong fit,,,,
454,Current Lighting Solutions,228,led.com,,Ohio,Cleveland,701 Millennium Blvd,44124-4184,Electrical Equipment Manufacturing,,https://www.linkedin.com/company/current-lighting/,Tier 2,40,18,14.0,8,80.0,B - Strong fit,,,,
455,PeoplesChoice Credit Union,60,peopleschoicecreditunion.com,,Maine,Saco,23 Industrial Park Rd,4072,Savings Institutions,,https://www.linkedin.com/company/peopleschoice-credit-union,Tier 2,40,18,14.0,8,80.0,B - Strong fit,,,,
456,"Callahan Chemical Company, LLC",73,tilleydistribution.com,,New Jersey,Palmyra,Broad St & Filmore Ave,,Chemical Manufacturing,,https://www.linkedin.com/company/tilleydistribution,Tier 2,40,18,14.0,8,80.0,B - Strong fit,,,,
457,Burlington Trailer Sales & Service Inc,78,bwtrailer.com,,North Carolina,Graham,1360 Truby Dr,,Transportation Logistics and Storage,,https://www.linkedin.com/company/bw-trailer-rentals,Tier 2,40,18,14.0,8,80.0,B - Strong fit,,,,
458,Harris Poll US LLC,92,theharrispoll.co.uk,,Illinois,Chicago,222 S Riverside Plz Ste 1500,,Market Research,,https://www.linkedin.com/company/theharrispolluk,Tier 2,40,18,14.0,8,80.0,B - Strong fit,,,,
459,LaunchBreak,52,launchbreak.com,,New York,Mount Kisco,,,Professional Services,,https://www.linkedin.com/company/launchbreak,Tier 2,40,18,14.0,8,80.0,B - Strong fit,,,,
460,Beacon Hill Club,63,beaconhillclub.org,,New Jersey,Summit,250 Hobart Avenue,7901,Spectator Sports,,https://www.linkedin.com/company/beacon-hill-club,Tier 2,40,18,14.0,8,80.0,B - Strong fit,,,,
461,Entravision Latam,32,entravisioncisnerosinteractive.com,,Florida,Miami,,,Advertising Services,40935880.0,https://www.linkedin.com/company/entravision-latam,Tier 3,32,30,7.0,10,79.0,B - Strong fit,,,,
462,Network Science Institute,25,networkscienceinstitute.org,,Massachusetts,Boston,,,Research Services,70768846.0,https://www.linkedin.com/company/network-science-institute,Tier 3,32,30,7.0,10,79.0,B - Strong fit,,,,
463,Home Access Health,500,everlyhealth.com,,Illinois,Hoffman Estates,Hassell Road,60169,Medical and Diagnostic Laboratories,134663.0,https://www.linkedin.com/company/home-access-health-corporation,Tier 1,30,18,20.0,10,78.0,B - Strong fit,,,,
464,Pathfinder Bank,151,pathfinderbank.com,,New York,Oswego,West 1st Street,13126,Banking,94286.0,https://www.linkedin.com/company/pathfinder-bank,Tier 1,40,8,20.0,10,78.0,B - Strong fit,,,,
465,Starling Chevrolet,95,starlingchevy.com,,Florida,Orlando,13155 South Orange Blossom Trail,32837,Motor Vehicle Manufacturing,485570.0,https://www.linkedin.com/company/starling-chevrolet,Tier 3,40,20,7.0,10,77.0,B - Strong fit,,,,
466,Kightlinger & Gray,95,k-glaw.com,,Indiana,Indianapolis,"One Indiana Square, Suite 300 211 North Pennsylvania Street",46204,Law Practice,82548.0,https://www.linkedin.com/company/kightlinger-&-gray-llp,Tier 3,40,20,7.0,10,77.0,B - Strong fit,,,,
467,Rainbow Aba,98,rainbowtherapy.org,,New Jersey,Bloomfield,611 U.S. 46,1001,Mental Health Care,66642878.0,https://www.linkedin.com/company/rainbow-aba-therapy,Tier 3,40,20,7.0,10,77.0,B - Strong fit,,,,
468,Cui,91,cuiheat.com,,South Carolina,Simpsonville,20050 SW 112th Ave,97062,Wholesale,11278449.0,https://www.linkedin.com/company/cui,Tier 3,40,20,7.0,10,77.0,B - Strong fit,,,,
469,Lennon Smith Souleret Engineering,91,lsse.com,,Pennsylvania,Coraopolis,846 4th Avenue,15108,Civil Engineering,4701139.0,https://www.linkedin.com/company/lennonsmith,Tier 3,40,20,7.0,10,77.0,B - Strong fit,,,,
470,Comprehensive Systems,91,comprehensivesystems.org,,Iowa,Charles City,1700 Clark St,50616,Mental Health Care,8316956.0,https://www.linkedin.com/company/comprehensive-systems,Tier 3,40,20,7.0,10,77.0,B - Strong fit,,,,
471,Mccourt Equipment,99,mccourtequipment.com,,Texas,Lagrange,6657  CORPORATION PKWY,76126,Machinery Manufacturing,2687645.0,https://www.linkedin.com/company/mccourt-equipment,Tier 3,40,20,7.0,10,77.0,B - Strong fit,,,,
472,Daily Provisions,89,dailyprovisionsnyc.com,,New York,New York,,,Food and Beverage Services,14057624.0,https://www.linkedin.com/company/dailyprov,Tier 3,40,20,7.0,10,77.0,B - Strong fit,,,,
473,Pacon Manufacturing,89,paconmfg.com,,New Jersey,Somerset,400 Pierce Street,8873,Manufacturing,6080857.0,https://www.linkedin.com/company/pacon-manufacturing-corporation,Tier 3,40,20,7.0,10,77.0,B - Strong fit,,,,
474,Ardent Technologies,92,ardentinc.com,,Ohio,Dayton,6234 Far Hills Ave,45459,Oil and Gas,1095818.0,https://www.linkedin.com/company/ardent-technologies-inc,Tier 3,40,20,7.0,10,77.0,B - Strong fit,,,,
475,Unit Drop Forge,99,unitforgings.com,,Wisconsin,West Allis,1903 South 62nd Street,53219,Manufacturing,391930.0,https://www.linkedin.com/company/unit-drop-forge-co.-inc.,Tier 3,40,20,7.0,10,77.0,B - Strong fit,,,,
476,Douglas County,99,douglas.mn.us,,Minnesota,Alexandria,,,Wellness and Fitness Services,705965.0,https://www.linkedin.com/company/douglas-county_2,Tier 3,40,20,7.0,10,77.0,B - Strong fit,,,,
477,Whiskey Creek,97,whiskeycreek.com,,Nebraska,Kearney,,,Food and Beverage Services,9771264.0,https://www.linkedin.com/company/whiskey-creek,Tier 3,40,20,7.0,10,77.0,B - Strong fit,,,,
478,David Barton Gym,99,davidbartongym.com,,New York,New York,,,Wellness and Fitness Services,48923.0,https://www.linkedin.com/company/david-barton-gym,Tier 3,40,20,7.0,10,77.0,B - Strong fit,,,,
479,Gallagher Sharp,99,gallaghersharp.com,,Ohio,Cleveland,1501 Euclid Avenue,44115,Law Practice,463875.0,https://www.linkedin.com/company/gallagher-sharp,Tier 3,40,20,7.0,10,77.0,B - Strong fit,,,,
480,Oscar's,74,oscarsdedham.com,,Massachusetts,Dedham,,,Food and Beverage Services,77624730.0,https://www.linkedin.com/company/oscarsdedham,Tier 3,40,20,7.0,10,77.0,B - Strong fit,,,,
481,Lindner & Marsack,51,lindner-marsack.com,,Wisconsin,Milwaukee,,,Law Practice,260568.0,https://www.linkedin.com/company/lindner-&-marsack-s-c-,Tier 3,40,20,7.0,10,77.0,B - Strong fit,,,,
482,F.a. Bartlett Tree Expert Company,51,barlett.com,,Connecticut,Stamford,,,Environmental Services,5438179.0,https://www.linkedin.com/company/the-f-a-bartlett-tree-expert-company-ltd,Tier 3,40,20,7.0,10,77.0,B - Strong fit,,,,
483,Rws Entertainment Group,129,experiencerws.com,,New York,New York,,,Entertainment Providers,2835531.0,https://www.linkedin.com/company/rwsentertainmentgroup,Tier 3,40,20,7.0,10,77.0,B - Strong fit,,,,
484,Steward-mellon Company,52,stewardmellon.com,,Florida,Tampa,,,Construction,83020558.0,https://www.linkedin.com/company/steward-mellon-company-llc,Tier 3,40,20,7.0,10,77.0,B - Strong fit,,,,
485,Smith Pump Company,71,smithpump.com,,Texas,Woodway,301 M B Industrial,76712,Machinery Manufacturing,12893918.0,https://www.linkedin.com/company/smithpump,Tier 3,40,20,7.0,10,77.0,B - Strong fit,,,,
486,FarmChem,76,farmchem.com,,Iowa,Floyd,309 PO Box,50435,Machinery Manufacturing,1033422.0,https://www.linkedin.com/company/farmchem,Tier 3,40,20,7.0,10,77.0,B - Strong fit,,,,
487,Oklahoma City County Health Department,205,occhd.org,,Oklahoma,Oklahoma City,2600 Northeast 63rd Street,73111,Wellness and Fitness Services,446203.0,https://www.linkedin.com/company/oklahoma-city-county-health-department,Tier 3,40,20,7.0,10,77.0,B - Strong fit,,,,
488,US Wellness,210,uswellness.com,,Maryland,Germantown,20400 Observation Drive,20876,Wellness and Fitness Services,230605.0,https://www.linkedin.com/company/us-wellness,Tier 3,40,20,7.0,10,77.0,B - Strong fit,,,,
489,Topnotch Resort And,76,topnotchresort.com,,Vermont,Stowe,,,Hospitality,86603.0,https://www.linkedin.com/company/topnotch-resort-and-spa,Tier 3,40,20,7.0,10,77.0,B - Strong fit,,,,
490,CEYM,77,ceymglobal.com,,Florida,Miami,,,Oil and Gas,594650.0,https://www.linkedin.com/company/ceym,Tier 3,40,20,7.0,10,77.0,B - Strong fit,,,,
491,The Mansion At Glen Cove,55,themansionatglencove.com,,New York,Glen Cove,200 Dosoris Ln.,11542,Hospitality,575194.0,https://www.linkedin.com/company/glen-cove-mansion-hotel-&-conference-center/,Tier 3,40,20,7.0,10,77.0,B - Strong fit,,,,
492,Case Power & Equipment Of Florida,51,casepowered.com,,Florida,Hialeah,,,Construction,77743761.0,https://www.linkedin.com/company/case-power-equipment-of-florida,Tier 3,40,20,7.0,10,77.0,B - Strong fit,,,,
493,Champion Health Club,51,champhealthclub.com,,District of Columbia,-,,,Wellness and Fitness Services,7037358.0,https://www.linkedin.com/company/champion-health-club,Tier 3,40,20,7.0,10,77.0,B - Strong fit,,,,
494,Smith Sovik Kendrick & Sugnet,52,smithsovik.com,,New York,Syracuse,250 South Clinton Street,13202,Law Practice,1294233.0,https://www.linkedin.com/company/smith-sovik-kendrick-&-sugnet-p.c.,Tier 3,40,20,7.0,10,77.0,B - Strong fit,,,,
495,No Longer Bound,76,nolongerbound.com,,Georgia,Cumming,2725 Pine Grove Road,30041,Mental Health Care,3070381.0,https://www.linkedin.com/company/no-longer-bound,Tier 3,40,20,7.0,10,77.0,B - Strong fit,,,,
496,Aptitude Intelligent Integration,76,aptitudeii.com,,Georgia,Atlanta,,,Construction,74319814.0,https://www.linkedin.com/company/aptitudeii,Tier 3,40,20,7.0,10,77.0,B - Strong fit,,,,
497,Collin Street Bakery,124,collinstreet.com,,Texas,Corsicana,401 West 7th Avenue,75110,Food and Beverage Services,304525.0,linkedin.com/company/304525,Tier 3,40,20,7.0,10,77.0,B - Strong fit,,,,
498,Oliver Maner,53,olivermaner.com,,Georgia,Savannah,218 West State Street,31401,Law Practice,40663784.0,https://www.linkedin.com/company/olivermanerllp,Tier 3,40,20,7.0,10,77.0,B - Strong fit,,,,
499,AAA Auger Plumbing Services,54,aaa-auger.com,,Texas,Irving,450 Pinn Rd.,78227,Building Equipment Contractors,321863.0,https://www.linkedin.com/company/aaa-auger,Tier 3,40,20,7.0,10,77.0,B - Strong fit,,,,
500,Kennedy International,54,kennedy-intl.com,,New Jersey,Old Bridge,,,Wholesale,19378078.0,https://www.linkedin.com/company/kennedy-international-ltd,Tier 3,40,20,7.0,10,77.0,B - Strong fit,,,,
501,Tres Management,66,tresmanagement.com,,Oklahoma,Oklahoma City,,,Oil and Gas,4149608.0,https://www.linkedin.com/company/tres-management,Tier 3,40,20,7.0,10,77.0,B - Strong fit,,,,
502,Wiggins,67,wigginsincorporated.com,,Alabama,Montgomery,,,Construction,15663047.0,https://www.linkedin.com/company/wigginsincorporated,Tier 3,40,20,7.0,10,77.0,B - Strong fit,,,,
503,Sherman and Hemstreet Real Estate Company,54,shermanandhemstreet.com,,Georgia,Augusta,Walton Way Extension,30909,Real Estate Agents and Brokers,2080187.0,https://www.linkedin.com/company/sherman-and-hemstreet-real-estate-company,Tier 3,40,20,7.0,10,77.0,B - Strong fit,,,,
504,Century 21 Pride Realty,54,c21pride.com,,Illinois,Mokena,,,Real Estate Agents and Brokers,2462355.0,https://www.linkedin.com/company/century-21-pride-realty,Tier 3,40,20,7.0,10,77.0,B - Strong fit,,,,
505,Schramm,109,schramminc.com,,Pennsylvania,,,,Oil and Gas,147509.0,https://www.linkedin.com/company/schramm-inc,Tier 3,40,20,7.0,10,77.0,B - Strong fit,,,,
506,Middleburg Real Estate,69,atokaproperties.com,,Virginia,Middleburg,10 East Washington Street,20117,Real Estate Agents and Brokers,3025372.0,https://www.linkedin.com/company/middleburg-real-estate,Tier 3,40,20,7.0,10,77.0,B - Strong fit,,,,
507,American Auto,108,americanauto.net,,Florida,,,,Motor Vehicle Manufacturing,1733922.0,https://www.linkedin.com/company/american-auto,Tier 3,40,20,7.0,10,77.0,B - Strong fit,,,,
508,Saybrook Point Resort & Marina,112,saybrook.com,,Connecticut,Old Saybrook,2 Bridge Street,6475,Hospitality,9486382.0,https://www.linkedin.com/company/saybrook-point-inn-&-spa,Tier 3,40,20,7.0,10,77.0,B - Strong fit,,,,
509,Lewith & Freeman Real Estate,134,lewith-freeman.com,,Pennsylvania,Shavertown,424 Wyoming Avenue,18704,Real Estate Agents and Brokers,2473256.0,https://www.linkedin.com/company/lewith-&-freeman-real-estate,Tier 3,40,20,7.0,10,77.0,B - Strong fit,,,,
510,Lamettry's Collisionâ® Glass and More,135,lamettrys.com,,Minnesota,Inver Grove Heights,1100 Silver Lake Rd NW,55077,Motor Vehicle Manufacturing,836073.0,https://www.linkedin.com/company/lamettrys-collision,Tier 3,40,20,7.0,10,77.0,B - Strong fit,,,,
511,Interior Works,69,interiorworksnw.com,,Texas,Houston,,,Construction,4600203.0,https://www.linkedin.com/company/interior-works,Tier 3,40,20,7.0,10,77.0,B - Strong fit,,,,
512,MAPESA,67,mapesausa.com,,Texas,Arlington,,,Oil and Gas,6824712.0,https://www.linkedin.com/company/mapesa,Tier 3,40,20,7.0,10,77.0,B - Strong fit,,,,
513,Otscon,131,otscon.com,,Missouri,Columbia,50 North Rangeline Road,65201,Motor Vehicle Manufacturing,3899515.0,https://www.linkedin.com/company/otscon-inc,Tier 3,40,20,7.0,10,77.0,B - Strong fit,,,,
514,Bogin Munns & Munns,135,boginmunns.com,,Florida,Orlando,1000 Legion Pl,32801,Law Practice,2103662.0,https://www.linkedin.com/company/bogin-munns,Tier 3,40,20,7.0,10,77.0,B - Strong fit,,,,
515,Navarro & Wright Consulting Engineers,137,navarrowright.com,,Pennsylvania,Camp Hill,151 Reno Ave.,17070,Civil Engineering,496728.0,http://www.linkedin.com/company/navarro-&-wright-consulting-engineers-inc-,Tier 3,40,20,7.0,10,77.0,B - Strong fit,,,,
516,Eurofins Testamerica,137,eurofinsus.com,,Ohio,North Canton,,17604,Environmental Services,29289.0,https://www.linkedin.com/company/eurofinstestamerica,Tier 3,40,20,7.0,10,77.0,B - Strong fit,,,,
517,Sollars and Associates,138,sollarsassociates.com,,Michigan,Birmingham,725 South Adams Road #235,48009,Mental Health Care,6647126.0,https://www.linkedin.com/company/sollars-and-associates---integrative-counseling-and-psychological-services/,Tier 3,40,20,7.0,10,77.0,B - Strong fit,,,,
518,Smith Hamilton A Convergint Technologies Company,73,smithhamiltoninc.com,,Texas,Amarillo,313 Paris Avenue,79401,Security and Investigations,1935850.0,https://www.linkedin.com/company/smith-hamilton,Tier 3,40,20,7.0,10,77.0,B - Strong fit,,,,
519,Akkerman Underground Construction Equipment Manufacturer,74,akkerman.com,,Minnesota,Brownsdale,,,Machinery Manufacturing,710241.0,https://www.linkedin.com/company/akkerman-inc,Tier 3,40,20,7.0,10,77.0,B - Strong fit,,,,
520,Corrosion Fluid Products,73,corrosionfluid.com,,Michigan,Farmington,24450 Indoplex Cir,48335,Wholesale,413995.0,https://www.linkedin.com/company/corrosion-fluid-products-corp.,Tier 3,40,20,7.0,10,77.0,B - Strong fit,,,,
521,Range Mental Health Center,121,rangementalhealth.org,,Minnesota,Hibbing,624 13Th St. S,55792,Mental Health Care,6800083.0,https://www.linkedin.com/company/range-mental-health-center,Tier 3,40,20,7.0,10,77.0,B - Strong fit,,,,
522,Air Mechanical,122,airmechanical.com,,Minnesota,Ham Lake,16411 Aberdeen Street Northeast,55304,Building Equipment Contractors,904753.0,https://www.linkedin.com/company/air-mechanical-inc.,Tier 3,40,20,7.0,10,77.0,B - Strong fit,,,,
523,Briar Patch,122,briarpatchrestaurant.com,,Georgia,Hiram,,,Hospitals and Health Care,9516332.0,https://www.linkedin.com/company/briar-patch,Tier 3,40,20,7.0,10,77.0,B - Strong fit,,,,
524,Fchc,119,fallshospital.com,,Texas,Marlin,,,Hospitals and Health Care,7019568.0,https://www.linkedin.com/company/fchc,Tier 3,40,20,7.0,10,77.0,B - Strong fit,,,,
525,Elle Salon,53,ellesalon.net,,Minnesota,St Paul,,,Retail,4150219.0,https://www.linkedin.com/company/elle-salon,Tier 3,40,20,7.0,10,77.0,B - Strong fit,,,,
526,Service Repair Solutions,53,servicerepairsolutions.com,,Minnesota,St Paul,,,Motor Vehicle Manufacturing,912749.0,https://www.linkedin.com/company/service-repair-solutions,Tier 3,40,20,7.0,10,77.0,B - Strong fit,,,,
527,Janet Jones Company,52,janetjones.com,,Arkansas,Little Rock,,72227,Real Estate,2128150.0,https://www.linkedin.com/company/the-janet-jones-company,Tier 3,40,20,7.0,10,77.0,B - Strong fit,,,,
528,Strategic Environmental Services,52,strategic-es.com,,Massachusetts,Sutton,362 Putnam Hill Road,1590,Environmental Services,1966961.0,https://www.linkedin.com/company/jm-environmental-corp.,Tier 3,40,20,7.0,10,77.0,B - Strong fit,,,,
529,Curtis Power Solutions,82,curtispowersolutions.com,,Maryland,Halethorpe,,,Construction,11708708.0,https://www.linkedin.com/company/curtis-power-solutions-llc,Tier 3,40,20,7.0,10,77.0,B - Strong fit,,,,
530,Materials Testing Consultants,82,mtc-test.com,,Michigan,Grand Rapids,,49505,Civil Engineering,696661.0,https://www.linkedin.com/company/materials-testing-consultants,Tier 3,40,20,7.0,10,77.0,B - Strong fit,,,,
531,Bode Equipment Company,79,bodeequipment.com,,New Hampshire,Londonderry,23 Londonderry Road,3053,Facilities Services,1566304.0,https://www.linkedin.com/company/bode-equipment-company,Tier 3,40,20,7.0,10,77.0,B - Strong fit,,,,
532,Orthodontics Only,79,miamiorthodontist.com,,Florida,Miami,9485 Southwest 72nd Street,33173,Dentists,2068360.0,https://www.linkedin.com/company/orthodontics-only,Tier 3,40,20,7.0,10,77.0,B - Strong fit,,,,
533,Flicker Garelick & Associates,75,flickergarelick.com,,New York,New York,45 Broadway,10006,Law Practice,7315487.0,https://www.linkedin.com/company/flicker-garelick-&-associates-llp,Tier 3,40,20,7.0,10,77.0,B - Strong fit,,,,
534,Jrc Mechanical,104,jrcmechanical.com,,Virginia,Chesapeake,,,Building Equipment Contractors,9197739.0,https://www.linkedin.com/company/jrc-mechanical-plumbing-hvac-,Tier 3,40,20,7.0,10,77.0,B - Strong fit,,,,
535,Coastal Drilling Company,103,coastaldrilling.com,,Louisiana,New Iberia,5319 Port Road,70560,Oil and Gas,6480145.0,https://www.linkedin.com/company/coastal-drilling-company-l-l-c-,Tier 3,40,20,7.0,10,77.0,B - Strong fit,,,,
536,Keller Williams Kansas City Metro,107,serenabales.kwrealty.com,,Kansas,Prairie Village,,,Real Estate Agents and Brokers,15563166.0,https://www.linkedin.com/company/keller-williams-kansas-city-metro,Tier 3,40,20,7.0,10,77.0,B - Strong fit,,,,
537,New England Development,140,nedevelopment.com,,Massachusetts,Boston,75 Park Plz,2116,Real Estate,1540282.0,https://www.linkedin.com/company/new-england-development,Tier 3,40,20,7.0,10,77.0,B - Strong fit,,,,
538,Keller Williams Elevate,140,elevate.yourkwoffice.com,,Ohio,Strongsville,,,Real Estate Agents and Brokers,70429518.0,https://www.linkedin.com/company/kwelevate,Tier 3,40,20,7.0,10,77.0,B - Strong fit,,,,
539,Curtis Metal Finishing Group,137,curtismetal.com,,Michigan,Madison Heights,6645 Sims Dr,48313,Motor Vehicle Manufacturing,152259.0,https://www.linkedin.com/company/curtis-metal-finishing-group,Tier 3,40,20,7.0,10,77.0,B - Strong fit,,,,
540,Classic Southeast Texas,80,classicsoutheasttexas.com,,Texas,Beaumont,,,Motor Vehicle Manufacturing,1081851.0,https://www.linkedin.com/company/classic-southeast-texas,Tier 3,40,20,7.0,10,77.0,B - Strong fit,,,,
541,Barnett Southern,102,barnettsouthern.com,,Georgia,Washington,106 N Alexander Ave,30673,Construction,636328.0,https://www.linkedin.com/company/barnett-southern-corporation,Tier 3,40,20,7.0,10,77.0,B - Strong fit,,,,
542,Green Room,143,thegreenroom-waconia.com,,Minnesota,Waconia,,,Food and Beverage Services,431020.0,https://www.linkedin.com/company/the-green-room,Tier 3,40,20,7.0,10,77.0,B - Strong fit,,,,
543,Appalachian Brewing Company,101,abcbrew.com,,Pennsylvania,Harrisburg,,,Food and Beverage Services,112159.0,https://www.linkedin.com/company/appalachian-brewing-company,Tier 3,40,20,7.0,10,77.0,B - Strong fit,,,,
544,Chicago Volunteer Legal Services,84,cvls.org,,Illinois,Chicago,33 North Dearborn Street,60602,Legal Services,1139678.0,https://www.linkedin.com/company/chicago-volunteer-legal-services,Tier 3,40,20,7.0,10,77.0,B - Strong fit,,,,
545,Avalar Austin Real Estate,56,avalaraustin.com,,Texas,Austin,,,Real Estate Agents and Brokers,1573751.0,https://www.linkedin.com/company/avalar-austin-realestate,Tier 3,40,20,7.0,10,77.0,B - Strong fit,,,,
546,Hobbs Straus Dean & Walker,56,hobbsstraus.com,,Oklahoma,Oklahoma City,15 W 43Rd St.,10036,Legal Services,83330647.0,https://www.linkedin.com/company/hobbs-straus-dean-walker-llp,Tier 3,40,20,7.0,10,77.0,B - Strong fit,,,,
547,Cardinal Management Group,118,cardinalmanagementgroup.com,,Virginia,Woodbridge,4330 Prince William Parkway,22192,Real Estate,4473487.0,https://www.linkedin.com/company/cardinal-management-group-va,Tier 3,40,20,7.0,10,77.0,B - Strong fit,,,,
548,Police Security Flashlights,118,policesecurity.com,,Florida,Atlanta,8480 Holcomb Bridge Rd Ste 100,30022,Manufacturing,2962458.0,https://www.linkedin.com/company/police-security-flashlights,Tier 3,40,20,7.0,10,77.0,B - Strong fit,,,,
549,Vogel Law Firm,120,vogellaw.com,,North Dakota,Fargo,,58702,Law Practice,86369.0,https://www.linkedin.com/company/vogel-law-firm,Tier 3,40,20,7.0,10,77.0,B - Strong fit,,,,
550,Inspired Living,116,inspiredlivingllc.net,,North Carolina,Raleigh,,,Mental Health Care,9953471.0,https://www.linkedin.com/company/inspired-living-llc,Tier 3,40,20,7.0,10,77.0,B - Strong fit,,,,
551,Corporate Caterers,145,corpcaterers.com,,Florida,Miami,13335 Southwest 124th Street,33186,Food and Beverage Services,1503887.0,https://www.linkedin.com/company/corporate-caterers,Tier 3,40,20,7.0,10,77.0,B - Strong fit,,,,
552,Beach Realty & Construction Kitty Hawk Rentals,102,beachrealtync.com,,North Carolina,Kitty Hawk,4826 N Croatan Hwy,27949,Real Estate Agents and Brokers,1459159.0,https://www.linkedin.com/company/beach-realty-&-construction,Tier 3,40,20,7.0,10,77.0,B - Strong fit,,,,
553,Larson King,63,larsonking.com,,Minnesota,St Paul,30 East 7th Street,55101,Law Practice,68994.0,https://www.linkedin.com/company/larson-king-llp,Tier 3,40,20,7.0,10,77.0,B - Strong fit,,,,
554,Adhd & Autism Psychological Services & Advocacy,63,aapsa.net,,New York,Syracuse,,,Mental Health Care,3276280.0,https://www.linkedin.com/company/adhd-&autism-psychological-services-&-advocacy,Tier 3,40,20,7.0,10,77.0,B - Strong fit,,,,
555,Garceau Realty,63,garceaurealty.com,,Maryland,Bel Air,1030 South Linwood Avenue,21224,Real Estate Agents and Brokers,520059.0,https://www.linkedin.com/company/garceau-realty,Tier 3,40,20,7.0,10,77.0,B - Strong fit,,,,
556,Industrial Access,64,industrialaccess.com,,Georgia,Cumming,1465 Ventura Drive,30040,Construction,1357376.0,https://www.linkedin.com/company/industrial-access,Tier 3,40,20,7.0,10,77.0,B - Strong fit,,,,
557,Walnut Capital,64,walnutcapital.com,,Pennsylvania,Pittsburgh,5500  WALNUT ST,15232,Real Estate,10447731.0,https://www.linkedin.com/company/walnut-capital,Tier 3,40,20,7.0,10,77.0,B - Strong fit,,,,
558,Sabra Property Management,64,sabrapropertymgt.com,,Georgia,Atlanta,,,Real Estate,7242356.0,https://www.linkedin.com/company/sabra-property-managment,Tier 3,40,20,7.0,10,77.0,B - Strong fit,,,,
559,Krc Machine Tool Solutions,57,krcmachinetoolsolutions.com,,Kentucky,Independence,10065 Toebben Dr,41051,Machinery Manufacturing,5042488.0,https://www.linkedin.com/company/krc-machine-tool-solutions,Tier 3,40,20,7.0,10,77.0,B - Strong fit,,,,
560,Deutsch Kerrigan,146,deutschkerrigan.com,,Louisiana,New Orleans,755 Magazine Street,70130,Law Practice,142521.0,https://www.linkedin.com/company/deutsch-kerrigan,Tier 3,40,20,7.0,10,77.0,B - Strong fit,,,,
561,Platinum Security,163,platinum-security.net,,Maryland,Baltimore,,,Security and Investigations,718985.0,https://www.linkedin.com/company/platinum-security,Tier 3,40,20,7.0,10,77.0,B - Strong fit,,,,
562,Roadhouse Cafe,80,roadhousecafe.com,,Massachusetts,Hyannis,,,Food and Beverage Services,4151199.0,https://www.linkedin.com/company/roadhouse-cafe,Tier 3,40,20,7.0,10,77.0,B - Strong fit,,,,
563,Alliance Industrial,80,allianceindustrial.com,,Virginia,Lynchburg,208 Tomahawk Industrial Park,24502,Machinery Manufacturing,1225894.0,https://www.linkedin.com/company/alliance-industrial-corporation,Tier 3,40,20,7.0,10,77.0,B - Strong fit,,,,
564,Radiation Safety & Control Services,156,radsafety.com,,New Hampshire,Seabrook,93 Ledge Rd,,Environmental Services,999136.0,https://www.linkedin.com/company/radiation-safety-&-control-services-inc-rscs-,Tier 3,40,20,7.0,10,77.0,B - Strong fit,,,,
565,E-tank,62,etank.net,,Ohio,Massillon,3150  MILLENNIUM BLVD SE,44646,Environmental Services,10597825.0,https://www.linkedin.com/company/etank,Tier 3,40,20,7.0,10,77.0,B - Strong fit,,,,
566,Luther Brookdale Chevrolet Buick Pontiac Gmc,62,brookdalechevrolet.com,,Minnesota,Minneapolis,,,Motor Vehicle Manufacturing,379167.0,https://www.linkedin.com/company/luther-brookdale-chevrolet-buick-pontiac-gmc,Tier 3,40,20,7.0,10,77.0,B - Strong fit,,,,
567,Pebco,61,pebco.com,,Kentucky,Paducah,225 North 4th Street,42001,Machinery Manufacturing,1669740.0,https://www.linkedin.com/company/pebcoinc,Tier 3,40,20,7.0,10,77.0,B - Strong fit,,,,
568,Rack Electric,62,rackelectric.com,,Florida,West Palm Beach,153 NW 16th St,33432,Construction,70796222.0,https://www.linkedin.com/company/rack-electric,Tier 3,40,20,7.0,10,77.0,B - Strong fit,,,,
569,Dar-tech,57,dar-techinc.com,,Ohio,Maple Heights,16485 Rockside Road,44137,Chemical Raw Materials Manufacturing,639279.0,https://www.linkedin.com/company/dar-tech-inc.,Tier 3,40,20,7.0,10,77.0,B - Strong fit,,,,
570,Coulson Oil Company,60,coulsonoilgroup.com,,Arkansas,North Little Rock,1434 Pike Avenue,72114,Oil and Gas,7590460.0,https://www.linkedin.com/company/coulson-oil-company,Tier 3,40,20,7.0,10,77.0,B - Strong fit,,,,
571,New England Cancer Specialists,169,newenglandcancerspecialists.org,,Maine,Saco,100 Campus Drive,4074,Medical Practices,3507086.0,https://www.linkedin.com/company/newenglandcancerspecialists,Tier 3,40,20,7.0,10,77.0,B - Strong fit,,,,
572,Salt Life Food Shack,165,saltlifefoodshack.com,,Florida,Jacksonville Beach,16 Downing Drive,36869,Food and Beverage Services,3136121.0,https://www.linkedin.com/company/salt-life-food-shack,Tier 3,40,20,7.0,10,77.0,B - Strong fit,,,,
573,Smdc International,87,smdcondosales.com,,,,,,Real Estate,81502274.0,https://www.linkedin.com/company/smdcinternationalsales,Tier 3,40,20,7.0,10,77.0,B - Strong fit,,,,
574,Entech Civil Engineers,85,entechhou.com,,Texas,Houston,15021 Katy Fwy Ste 500,77094,Civil Engineering,4620907.0,https://www.linkedin.com/company/entech-civil-engineers,Tier 3,40,20,7.0,10,77.0,B - Strong fit,,,,
575,Tops Club,179,tops.org,,Wisconsin,Milwaukee,4575 South 5th Street,53207,Wellness and Fitness Services,2306279.0,https://www.linkedin.com/company/tops-club-inc-,Tier 3,40,20,7.0,10,77.0,B - Strong fit,,,,
576,Taste Of Texas,84,tasteoftexas.com,,Texas,Houston,10505 Katy Fwy,77024,Food and Beverage Services,2655461.0,https://www.linkedin.com/company/taste-of-texas,Tier 3,40,20,7.0,10,77.0,B - Strong fit,,,,
577,Germer Beaman & Brown,179,germer.com,,Texas,Beaumont,Fannin Street,77701,Law Practice,488416.0,https://www.linkedin.com/company/germer-gertz-beamon-&-brown-l.l.p.,Tier 3,40,20,7.0,10,77.0,B - Strong fit,,,,
578,Youngevity,95,youngevity.com,,Minnesota,Montevideo,,,Wellness and Fitness Services,71753057.0,https://www.linkedin.com/company/youngevity-pvt-ltd,Tier 3,40,20,7.0,10,77.0,B - Strong fit,,,,
579,Bon Secours Wellness Arena,59,bonsecoursarena.com,,South Carolina,Greenville,650 North Academy Street,29601,Entertainment Providers,1194022.0,https://www.linkedin.com/company/bswarena,Tier 3,40,20,7.0,10,77.0,B - Strong fit,,,,
580,Hercules,58,herculesinc.com,,Alabama,Eclectic,315 Main Street,36024,Manufacturing,10072541.0,https://www.linkedin.com/company/herculesinc,Tier 3,40,20,7.0,10,77.0,B - Strong fit,,,,
581,Kelton Enterprises,58,keltonenterprises.com,,New York,Buffalo,501 John James Audubon Parkway,14228,Food and Beverage Services,91655722.0,https://www.linkedin.com/company/kelton-enterprises-llc-wny,Tier 3,40,20,7.0,10,77.0,B - Strong fit,,,,
582,Mackenzie Hughes,59,mackenziehughes.com,,New York,Syracuse,,13202,Law Practice,319157.0,https://www.linkedin.com/company/mackenzie-hughes-llp,Tier 3,40,20,7.0,10,77.0,B - Strong fit,,,,
583,Steinberg Law Firm,59,steinberglawfirm.com,,South Carolina,Charleston,61 Broad Street,29401,Law Practice,5215293.0,https://www.linkedin.com/company/the-steinberg-law-firm,Tier 3,40,20,7.0,10,77.0,B - Strong fit,,,,
584,EcoWash,59,ecowash.com,,Wisconsin,Madison,,,Consumer Services,76125158.0,https://www.linkedin.com/company/ecowash-pressure-washing-llc,Tier 3,40,20,7.0,10,77.0,B - Strong fit,,,,
585,Omega Foundation Services,59,omega-foundations.com,,Louisiana,Slaughter,1103 Hwy 19,70777,Construction,87099295.0,https://www.linkedin.com/company/omega-foundations,Tier 3,40,20,7.0,10,77.0,B - Strong fit,,,,
586,First Choice Home Health Hospice,241,firstchoice4you.com,,Virginia,Harrisonburg,,,Hospitals and Health Care,11018824.0,https://www.linkedin.com/company/first-choice-home-health-&-hospice/people/,Tier 3,40,20,7.0,10,77.0,B - Strong fit,,,,
587,University Of Florida Research,358,explore.research.ufl.edu,,Florida,Gainesville,,,Research Services,68665779.0,https://www.linkedin.com/company/uf-research,Tier 3,30,30,7.0,10,77.0,B - Strong fit,,,,
588,Town of Merrimack,234,merrimacktv.com,,New Hampshire,Merrimack,6 Baboosic Lake Rd,,"Technology, Information and Media",,,Tier 3,40,28,7.0,2,77.0,B - Strong fit,,,,
589,LANDAUER,245,landauer.com,,Illinois,Glenwood,2 Science Road,60425,Hospitals and Health Care,69017.0,https://www.linkedin.com/company/landauer-inc-,Tier 3,40,20,7.0,10,77.0,B - Strong fit,,,,
590,Gross Residential,244,grossresidential.com,,Ohio,North Royalton,14300 Ridge Rd,44133,Real Estate,11792496.0,https://www.linkedin.com/company/gross-residential,Tier 3,40,20,7.0,10,77.0,B - Strong fit,,,,
591,Jbi Electrical Systems,222,jbielectric.com,,Texas,Fort Worth,5631 Stratum Dr,76102,Building Equipment Contractors,1033678.0,https://www.linkedin.com/company/jbi-electrical-systems-inc.,Tier 3,40,20,7.0,10,77.0,B - Strong fit,,,,
592,Phcc,224,phcc-sanantonio.org,United States,Texas,San Antonio,,,Construction,9636837.0,https://www.linkedin.com/company/phcc,Tier 3,40,20,7.0,10,77.0,B - Strong fit,,,,
593,Junkyard,40,thejunkyardfitness.com,,South Carolina,Greenville,107 East Orr Street,29621,Wellness and Fitness Services,76572122.0,https://www.linkedin.com/company/thejunkyardfitness,Tier 2,32,20,14.0,10,76.0,B - Strong fit,,,,
594,Newslink Group,47,newslinkgroup.net,,Florida,Miami,6910 Northwest 12th Street,33126,Retail,35631198.0,https://www.linkedin.com/company/newslinkgroup,Tier 2,32,20,14.0,10,76.0,B - Strong fit,,,,
595,Modal Labs,14,www.modal.com,,New York,New York,,,Software Development,,https://www.linkedin.com/company/modal-labs%20,Tier 1,18,30,20.0,8,76.0,B - Strong fit,,,,
596,Tornado Bus Company,127,tornadobus.com,,Texas,Dallas,8630 E R L Thornton Fwy,75201,Ground Passenger Transportation,80344547.0,https://www.linkedin.com/company/tornadobuscompany,Tier 3,40,18,7.0,10,75.0,B - Strong fit,,,,
597,Midland Information Resources,127,midlandcorp.com,,Iowa,Davenport,,,Printing Services,83890.0,https://www.linkedin.com/company/midland-information-resources,Tier 3,40,18,7.0,10,75.0,B - Strong fit,,,,
598,Sun Motor Cars,127,sunmotorcars.com,,Pennsylvania,Mechanicsburg,6677 Carlisle Pike,17050,Retail Motor Vehicles,638331.0,https://www.linkedin.com/company/sun-motor-cars-inc.,Tier 3,40,18,7.0,10,75.0,B - Strong fit,,,,
599,Ntec,134,ntec.net,,Wisconsin,Frisco,,,Telecommunications Carriers,1137387.0,https://www.linkedin.com/company/nelson-telephone-cooperative,Tier 3,40,18,7.0,10,75.0,B - Strong fit,,,,
600,Camp Ozark,133,campozark.com,,Arkansas,Mount Ida,155 Camp Ozark Drive,71957,Recreational Facilities,6240621.0,https://www.linkedin.com/company/camp-ozark,Tier 3,40,18,7.0,10,75.0,B - Strong fit,,,,
601,Washington Ballet,133,washingtonballet.org,,District of Columbia,Washington,3515 Wisconsin Avenue Northwest,20016,Performing Arts,57497.0,https://www.linkedin.com/company/the-washington-ballet,Tier 3,40,18,7.0,10,75.0,B - Strong fit,,,,
602,"Elo Engineering, Incorporated",150,elo1.com,,Minnesota,Minneapolis,7770 Ranchers Rd Ne,,Machinery Manufacturing,,https://www.linkedin.com/company/elo-engineering-inc.,Tier 3,40,20,7.0,8,75.0,B - Strong fit,,,,
603,Poolsure An Aquasol Company,135,poolsure.com,,Texas,Houston,,,Water Supply and Irrigation Systems,1938535.0,https://www.linkedin.com/company/poolsure,Tier 3,40,18,7.0,10,75.0,B - Strong fit,,,,
604,Lexington Sporting Club,134,lexsporting.com,,Kentucky,Lexington,810 Bull Lea Run,40511,Sports Teams and Clubs,82779626.0,https://www.linkedin.com/company/lexington-sporting-club,Tier 3,40,18,7.0,10,75.0,B - Strong fit,,,,
605,Biolife,137,biolifedairy.com,,New York,Brooklyn,,,Wholesale Food and Beverage,42390371.0,https://www.linkedin.com/company/biolifedaily,Tier 3,40,18,7.0,10,75.0,B - Strong fit,,,,
606,Premier Pan Co,137,premierpan.com,,Pennsylvania,Crescent,33 McGovern Boulevard,15046,Warehousing and Storage,3929535.0,https://www.linkedin.com/company/premier-pan-co-inc,Tier 3,40,18,7.0,10,75.0,B - Strong fit,,,,
607,Safehome,137,safehome-ks.org,,Kansas,Overland Park,PO Box 4563,66204,Community Services,298640.0,https://www.linkedin.com/company/safehome,Tier 3,40,18,7.0,10,75.0,B - Strong fit,,,,
608,"Great Bay Hot Tub Company, Inc.",140,selectwood.com,,New Hampshire,Portsmouth,275 Constitution Ave,,Real Estate,,https://www.linkedin.com/company/select-wood-products,Tier 3,40,20,7.0,8,75.0,B - Strong fit,,,,
609,Austin Traffic Signal Constr,140,atscc.com,,Texas,Pflugerville,,,Construction,,https://www.linkedin.com/company/austin-traffic-signal-constr/,Tier 3,40,20,7.0,8,75.0,B - Strong fit,,,,
610,Medeco,140,medeco.com,,Virginia,Salem,3075 PO Box,24153,Construction Hardware Manufacturing,69027923.0,https://www.linkedin.com/company/medecolocks,Tier 3,40,18,7.0,10,75.0,B - Strong fit,,,,
611,Burger Boat Company,136,burgerboat.com,,Wisconsin,Manitowoc,1811 Spring St.,54220,Shipbuilding,295633.0,https://www.linkedin.com/company/burger-boat-company,Tier 3,40,18,7.0,10,75.0,B - Strong fit,,,,
612,TOWN OF ASHLAND CITY,79,ashlandcitytn.gov,,Tennessee,Ashland City,101 Court St,,Wellness and Fitness Services,,https://www.linkedin.com/company/town-of-ashland-city,Tier 3,40,20,7.0,8,75.0,B - Strong fit,,,,
613,Apple Mountain,82,applemountain.com,,Michigan,Freeland,,,Golf Courses and Country Clubs,24430482.0,https://www.linkedin.com/company/applemountain,Tier 3,40,18,7.0,10,75.0,B - Strong fit,,,,
614,Affairs To Remember,82,affairs.com,,Georgia,Atlanta,2316 Defoor Hills Road Northwest,30318,Events Services,587548.0,https://www.linkedin.com/company/affairs-to-remember-caterers,Tier 3,40,18,7.0,10,75.0,B - Strong fit,,,,
615,Gurney's Resorts,81,gurneysresorts.com,,New York,,,,Hospitality,,https://www.linkedin.com/company/gurney-s-resorts,Tier 3,40,20,7.0,8,75.0,B - Strong fit,,,,
616,"Dawson, J B Llc 1",81,jbdawsons.com,,Pennsylvania,Langhorne,92 N Flowers Mill Rd,,Food and Beverage Services,,https://www.linkedin.com/company/j-b-dawsons-restaurant-&-bar,Tier 3,40,20,7.0,8,75.0,B - Strong fit,,,,
617,Precision Husky,81,precisionhusky.com,,Alabama,Moody,,,Machinery Manufacturing,,https://www.linkedin.com/company/precision-husky-corporation,Tier 3,40,20,7.0,8,75.0,B - Strong fit,,,,
618,Ces,83,ces.com,,New York,St. Louis,3199 Mercier Street,37040,Appliances Electrical and Electronics Manufacturing,833392.0,https://www.linkedin.com/company/ces_4,Tier 3,40,18,7.0,10,75.0,B - Strong fit,,,,
619,Banglore Express,83,banglorexpress.com,,New Jersey,Franklin Park,,,Entertainment,4380452.0,https://www.linkedin.com/company/banglore-express,Tier 3,40,18,7.0,10,75.0,B - Strong fit,,,,
620,Day & Night,146,dayandnight.com,,Texas,-,,,Printing Services,3799789.0,https://www.linkedin.com/company/day-and-night-printing,Tier 3,40,18,7.0,10,75.0,B - Strong fit,,,,
621,"RAM, Inc.",82,weallfordpropane.com,,Oklahoma,McAlester,106 S 6Th St,,Oil and Gas,,https://www.linkedin.com/company/we-allford-propane,Tier 3,40,20,7.0,8,75.0,B - Strong fit,,,,
622,Saint Matthews Import Service Incorporated,100,smiky.com,,Kentucky,Louisville,4164 Westport Rd,,Motor Vehicle Manufacturing,,https://www.linkedin.com/company/st-matthews-imports,Tier 3,40,20,7.0,8,75.0,B - Strong fit,,,,
623,"Service Energy, L.L.C.",100,serviceenergy.com,,Delaware,Dover,3799 N Dupont Hwy,,Oil and Gas,,https://www.linkedin.com/company/service-energy,Tier 3,40,20,7.0,8,75.0,B - Strong fit,,,,
624,Ventamatic,100,bvc.com,,Texas,Mineral Wells,100 Washington Road,76067,Industrial Machinery Manufacturing,15290948.0,https://www.linkedin.com/company/ventamatic-ltd.,Tier 3,40,18,7.0,10,75.0,B - Strong fit,,,,
625,Sheely's Furniture & Appliance,138,sheelys.com,,Ohio,North Lima,,,Furniture and Home Furnishings Manufacturing,65817324.0,https://www.linkedin.com/company/sheelysfurniture,Tier 3,40,18,7.0,10,75.0,B - Strong fit,,,,
626,E-t-a Engineering Technology,142,e-t-a.com,,Illinois,Mount Prospect,1551 Bishop Court,60056,Appliances Electrical and Electronics Manufacturing,58738.0,https://www.linkedin.com/company/e-t-a-circuit-breakers,Tier 3,40,18,7.0,10,75.0,B - Strong fit,,,,
627,Southern Ionics,149,southernionics.com,,Mississippi,West Point,579 Commerce St.,39773,Chemical Manufacturing,2043815.0,https://www.linkedin.com/company/southernionics,Tier 3,40,18,7.0,10,75.0,B - Strong fit,,,,
628,Profoto,147,profoto.com,,New Jersey,Stockholm,57a Landsvägen,,Wholesale Photography Equipment and Supplies,70738.0,https://www.linkedin.com/company/profoto,Tier 3,40,18,7.0,10,75.0,B - Strong fit,,,,
629,Crystal Farms Dairy Company,139,crystalfarmscheese.com,,Minnesota,Minnetonka,,,Dairy Product Manufacturing,33432830.0,https://www.linkedin.com/company/crystal-farms-refrigerated-dairy-company,Tier 3,40,18,7.0,10,75.0,B - Strong fit,,,,
630,Ocean Partnership For Children,83,oceanpartnership.org,,New Jersey,Toms River,1500 New Jersey 88,8724,Community Services,4019238.0,https://www.linkedin.com/company/ocean-partnership-for-children,Tier 3,40,18,7.0,10,75.0,B - Strong fit,,,,
631,Freebird Chicken,54,freebirdchicken.com,,Pennsylvania,Fredericksburg,,,Wholesale Food and Beverage,15477574.0,https://www.linkedin.com/company/freebird-chicken,Tier 3,40,18,7.0,10,75.0,B - Strong fit,,,,
632,Cypress Bend Resort. Your Moment of Splendor Is Just A Reservation Away,54,cypressbend.com,,Louisiana,Many,,,Golf Courses and Country Clubs,533582.0,https://www.linkedin.com/company/cypress-bend-resort,Tier 3,40,18,7.0,10,75.0,B - Strong fit,,,,
633,Allegheny Contracting,51,alleghenycontracting.com,,Pennsylvania,Reynoldsville,13374 Boot Jack Road,15853,Natural Gas Distribution,27166308.0,https://www.linkedin.com/company/alleghenycontracting,Tier 3,40,18,7.0,10,75.0,B - Strong fit,,,,
634,JJA,51,jjainc.com,,Texas,Dallas,8150 North Central Expressway,75206,Industrial Machinery Manufacturing,290510.0,https://www.linkedin.com/company/jjainc,Tier 3,40,18,7.0,10,75.0,B - Strong fit,,,,
635,Huntington Steel,51,huntingtonsteel.com,,West Virginia,Huntington,100 3rd Avenue,25701,Mining,1242707.0,https://www.linkedin.com/company/huntington-steel,Tier 3,40,18,7.0,10,75.0,B - Strong fit,,,,
636,Anderson Fabrics,51,andersonfabrics.com,,Minnesota,Blackduck,348 Summit W Ave,56630,Textile Manufacturing,467072.0,https://www.linkedin.com/company/anderson-fabrics,Tier 3,40,18,7.0,10,75.0,B - Strong fit,,,,
637,Gecac,51,gecac.org,,Pennsylvania,Union City,,,Writing and Editing,4598656.0,https://www.linkedin.com/company/gecac,Tier 3,40,18,7.0,10,75.0,B - Strong fit,,,,
638,All Surfaces,101,allsurfaces.com,,Minnesota,Minneapolis,1650 W 82nd St Ste 1090,55431,Wholesale Building Materials,90721810.0,https://www.linkedin.com/company/allsurfaces,Tier 3,40,18,7.0,10,75.0,B - Strong fit,,,,
639,Southeast Arkansas Regional Library,51,searlibrary.org,,Arkansas,Monticello,114 W Jefferson Ave,,Hospitality,,https://www.linkedin.com/company/southeast-arkansas-regional-library,Tier 3,40,20,7.0,8,75.0,B - Strong fit,,,,
640,Harrington Construction,51,harringtonconstruction.us,,Massachusetts,Shrewsbury,,,Nonresidential Building Construction,9721022.0,https://www.linkedin.com/company/harrington-construction,Tier 3,40,18,7.0,10,75.0,B - Strong fit,,,,
641,Lucia Landscaping,52,lucialandscaping.com,,Michigan,Roseville,28279 Groesbeck Highway,48066,Landscaping Services,2461915.0,https://www.linkedin.com/company/lucialandscaping,Tier 3,40,18,7.0,10,75.0,B - Strong fit,,,,
642,Endura Products,52,enduraproductscorp.com,,Texas,Midland,1501 North Fairgrounds Road,79706,Chemical Manufacturing,64632967.0,https://www.linkedin.com/company/endura-products-corptx,Tier 3,40,18,7.0,10,75.0,B - Strong fit,,,,
643,Dixon Gallery & Gardens,52,dixon.org,,Tennessee,Memphis,4339 Park Avenue,38117,Museums,3947960.0,https://www.linkedin.com/company/dixon-gallery-&-gardens,Tier 3,40,18,7.0,10,75.0,B - Strong fit,,,,
644,"Suitey, Inc.",52,chloesellsnyc.com,,New York,New York,88 University Pl,,Real Estate,,https://www.linkedin.com/company/chloe-godin-real-estate-nyc,Tier 3,40,20,7.0,8,75.0,B - Strong fit,,,,
645,Cory's audio visual,52,corys.pro,,Oklahoma,Oklahoma City,9525 West Reno Avenue,73127,Events Services,1115587.0,https://www.linkedin.com/company/corysconnects,Tier 3,40,18,7.0,10,75.0,B - Strong fit,,,,
646,Zelloo Brokerage,78,zelloo.com,,Florida,Miami Beach,,,Real Estate Agents and Brokers,,https://www.linkedin.com/company/zelloo-brokerage,Tier 3,40,20,7.0,8,75.0,B - Strong fit,,,,
647,Wellspring,51,wellspringhouse.org,,Massachusetts,West Bend,,1930,Individual and Family Services,619425.0,https://www.linkedin.com/company/wellspring-house-inc.,Tier 3,40,18,7.0,10,75.0,B - Strong fit,,,,
648,Cbs Mornings,81,cbsnews.com,,New York,New York,865 Battery St,2134,Broadcast Media Production and Distribution,11682240.0,https://www.linkedin.com/company/cbsmornings,Tier 3,40,18,7.0,10,75.0,B - Strong fit,,,,
649,C. G. Bretting Manufacturing,101,bretting.com,,Wisconsin,Ashland,,54806,Wholesale Paper Products,15987091.0,https://www.linkedin.com/company/c.-g.-bretting-manufacturing-co.-inc.,Tier 3,40,18,7.0,10,75.0,B - Strong fit,,,,
650,Martek Power,101,martekpower.com,,Pennsylvania,,,,Appliances Electrical and Electronics Manufacturing,83649.0,https://www.linkedin.com/company/martek-power,Tier 3,40,18,7.0,10,75.0,B - Strong fit,,,,
651,House of Printing,103,hopinc.com,,Maryland,Burtonsville,15401 Old Columbia Pike,20866,Printing Services,115637.0,https://www.linkedin.com/company/house-of-printing,Tier 3,40,18,7.0,10,75.0,B - Strong fit,,,,
652,Marquee Event Rentals,103,marqueerents.com,,Illinois,La Grange,4616 West Howard Lane,78728,Events Services,118782.0,https://www.linkedin.com/company/marquee-event-group,Tier 3,40,18,7.0,10,75.0,B - Strong fit,,,,
653,Sanderson Pipe,106,sandersonpipe.com,,Tennessee,Clarksville,1 Enterprise Blvd,32087,Plastics Manufacturing,2322437.0,https://www.linkedin.com/company/sanderson-pipe-corporation,Tier 3,40,18,7.0,10,75.0,B - Strong fit,,,,
654,Advantage Metals Recycling A Nucor Company,106,advantagerecycling.com,,Missouri,Kansas City,510 Walnut Street,64106,Wholesale Recyclable Materials,1559718.0,https://www.linkedin.com/company/advantage-metals-recycling-llc,Tier 3,40,18,7.0,10,75.0,B - Strong fit,,,,
655,Average Joe Grow,75,averagejoegrow.com,,Massachusetts,Amesbury,,,Media Production,,https://www.linkedin.com/company/average-joe-grow,Tier 3,40,20,7.0,8,75.0,B - Strong fit,,,,
656,Great Steak,54,thegreatsteak.com,,Illinois,Bloomingdale,,,Food and Beverage Services,,https://www.linkedin.com/company/great-steak/,Tier 3,40,20,7.0,8,75.0,B - Strong fit,,,,
657,Association For Career and Technical Education,75,acteonline.org,,Virginia,Alexandria,1410 King St,22314,Professional Organizations,1099777.0,https://www.linkedin.com/company/association-for-career-and-technical-education,Tier 3,40,18,7.0,10,75.0,B - Strong fit,,,,
658,Delta Dental of Kentucky,75,deltadental.com,,Kentucky,Louisville,13 Elm St,60523,Insurance Carriers,5225172.0,https://www.linkedin.com/company/delta-dental-of-kentucky,Tier 3,40,18,7.0,10,75.0,B - Strong fit,,,,
659,Southern Fasteners & Supply,76,southernfasteners.com,,North Carolina,Winston-Salem,2421 West Clemmonsville Rd.,27127,Turned Products and Fastener Manufacturing,528819.0,https://www.linkedin.com/company/southern-fasteners-and-supply,Tier 3,40,18,7.0,10,75.0,B - Strong fit,,,,
660,"Riverside Machine & Automation, Inc.",75,riverside-machine.com,,Ohio,Genoa,1240 N Genoa Clay Center Rd,,Manufacturing,,https://www.linkedin.com/company/riverside-machine-&-automation-inc.,Tier 3,40,20,7.0,8,75.0,B - Strong fit,,,,
661,Aeropres Corporation,75,aeropres.com,,Louisiana,Shreveport,1324 N Hearne Ave Ste 200,,Oil and Gas,,https://www.linkedin.com/company/aeroprescorp,Tier 3,40,20,7.0,8,75.0,B - Strong fit,,,,
662,Miniat Holdings,77,MiniatHoldings.com,,Illinois,South Holland,16250 Vincennes Ave,60473,Wholesale Raw Farm Products,1432814.0,https://www.linkedin.com/company/ed-miniat-inc,Tier 3,40,18,7.0,10,75.0,B - Strong fit,,,,
663,"Tri-City Extrusion, Inc",76,tricityextrusion.com,,Tennessee,Bristol,1610 Arkansas Avenue,37620,Primary Metal Manufacturing,1680057.0,https://www.linkedin.com/company/tri-city-extrusion-inc,Tier 3,40,18,7.0,10,75.0,B - Strong fit,,,,
664,Earthborne,54,earthborneinc.com,,Pennsylvania,Warrington,35 Easton Road,18976,Construction,,https://www.linkedin.com/company/earthborne-inc,Tier 3,40,20,7.0,8,75.0,B - Strong fit,,,,
665,Paoli,75,paoli.com,,Indiana,Paoli,,,Wholesale Furniture and Home Furnishings,343886.0,https://www.linkedin.com/company/paoli-inc.,Tier 3,40,18,7.0,10,75.0,B - Strong fit,,,,
666,Ivek,93,ivek.com,,Vermont,North Springfield,10 Fairbanks Rd,5150,Engines and Power Transmission Equipment Manufacturing,10897318.0,https://www.linkedin.com/company/ivek-corporation,Tier 3,40,18,7.0,10,75.0,B - Strong fit,,,,
667,Couristan,93,couristan.com,,New Jersey,Fort Lee,2 Executive Dr,7024,Textile Manufacturing,1111233.0,https://www.linkedin.com/company/couristan-inc.,Tier 3,40,18,7.0,10,75.0,B - Strong fit,,,,
668,Weingarten Realty,192,kimcorealty.com,,Texas,Houston,"500 North Broadway, Suite 201",11753,Trusts and Estates,27379.0,https://www.linkedin.com/company/weingartenrealty,Tier 3,40,18,7.0,10,75.0,B - Strong fit,,,,
669,"CDM Systems, Inc.",190,cdmsys.com,,Minnesota,Elk River,430 Main St NW,,Machinery Manufacturing,,https://www.linkedin.com/company/cdm-systems-inc.,Tier 3,40,20,7.0,8,75.0,B - Strong fit,,,,
670,Tippi Toes,189,tippitoesdance.com,,Oklahoma,Tulsa,,75032,Performing Arts,9035499.0,https://www.linkedin.com/company/tippi-toes-inc,Tier 3,40,18,7.0,10,75.0,B - Strong fit,,,,
671,Spare Parts Warehouse,187,partswarehouse.com,,Ohio,Rockwall,2578 Texas 276,75032,Electronic and Precision Equipment Maintenance,2350567.0,https://www.linkedin.com/company/spare-parts-warehouse,Tier 3,40,18,7.0,10,75.0,B - Strong fit,,,,
672,Amusements Of America,200,amusementsofamerica.com,,New Jersey,Plainsboro,666 Plainsboro Rd Ste 1271,,Oil and Gas,,https://www.linkedin.com/company/amusement-of-america-inc,Tier 3,40,20,7.0,8,75.0,B - Strong fit,,,,
673,Castillo Del Rey,79,kingscastle.org,,Texas,San Antonio,,,Graphic Design,4216067.0,https://www.linkedin.com/company/castillo-del-rey,Tier 3,40,18,7.0,10,75.0,B - Strong fit,,,,
674,V. Alexander,195,valexander.com,,Tennessee,Memphis,6555 Quince Road,38119,Transportation Logistics Supply Chain and Storage,566726.0,https://www.linkedin.com/company/v.-alexander-&-co.-inc.,Tier 3,40,18,7.0,10,75.0,B - Strong fit,,,,
675,E W Williams Publications,193,carwashmag.com,,New Jersey,Fort Lee,2125 Center Ave,,Media Production,,https://www.linkedin.com/company/auto-laundry-news,Tier 3,40,20,7.0,8,75.0,B - Strong fit,,,,
676,Marketsource  Careers,176,marketsource.jobs,,Georgia,Alpharetta,,,Office Administration,11809852.0,https://www.linkedin.com/company/marketsource-inc-careers-page,Tier 3,40,18,7.0,10,75.0,B - Strong fit,,,,
677,"Hader Industries, Inc.",175,haderinc.com,,Wisconsin,New Berlin,15600 W Lincoln Ave,,Machinery Manufacturing,,https://www.linkedin.com/company/hader-industries-inc.,Tier 3,40,20,7.0,8,75.0,B - Strong fit,,,,
678,DVVA Carle Place Restaurant LLC I,172,chateaubriandcaterers.com,,New York,Woodbury,40 Crossways Park Dr,,Real Estate,,https://www.linkedin.com/company/chateau-briand,Tier 3,40,20,7.0,8,75.0,B - Strong fit,,,,
679,Roger Williams Park Zoo,170,rwpzoo.org,,Rhode Island,Providence,1000 Elmwood Ave,2907,Museums Historical Sites and Zoos,106345.0,https://www.linkedin.com/company/roger-williams-park-zoo,Tier 3,40,18,7.0,10,75.0,B - Strong fit,,,,
680,Komu 8 & Mid-missouri Cw,181,komu.com,,Missouri,Columbia,,,Broadcast Media Production and Distribution,19048662.0,https://www.linkedin.com/company/komu8,Tier 3,40,18,7.0,10,75.0,B - Strong fit,,,,
681,Inovis,181,gxs.com,,Maryland,Gaithersburg,,,Securities and Commodity Exchanges,5513.0,https://www.linkedin.com/company/inovis,Tier 3,40,18,7.0,10,75.0,B - Strong fit,,,,
682,Miami Valley Child Development Centers,197,mvcdc.org,,Ohio,Dayton,215 Horace Street,45402,Child Day Care Services,2392937.0,https://www.linkedin.com/company/miami-valley-child-development-centers-inc-,Tier 3,40,18,7.0,10,75.0,B - Strong fit,,,,
683,Treasurer Michael Frerichs,244,illinoistreasurer.gov,,Illinois,Springfield,,60604,Consumer Services,,https://www.linkedin.com/company/illinois-state-treasurer,Tier 3,40,20,7.0,8,75.0,B - Strong fit,,,,
684,"Superior Steel, Inc.",250,superstl.com,,Tennessee,Knoxville,5277 N National Dr,,Construction,,https://www.linkedin.com/company/steel-superior,Tier 3,40,20,7.0,8,75.0,B - Strong fit,,,,
685,"W - L Construction & Paving, Inc.",230,w-lconstruction.com,,Virginia,Chilhowie,1484 Highway 107,,Construction,,https://www.linkedin.com/company/w-l-construction-paving-inc,Tier 3,40,20,7.0,8,75.0,B - Strong fit,,,,
686,Sp & T News,240,sptnews.ca,,New York,New York,,,Media Production,,https://www.linkedin.com/company/spt-news,Tier 3,40,20,7.0,8,75.0,B - Strong fit,,,,
687,Breakaway Courier Systems,97,breakawaycourier.com,,New York,New York,444 West 36th St.,10018,Freight and Package Transportation,2015514.0,https://www.linkedin.com/company/breakaway-courier-systems,Tier 3,40,18,7.0,10,75.0,B - Strong fit,,,,
688,RE/MAX Connection,96,omni.realestate,,New Jersey,,,,Real Estate,,https://www.linkedin.com/company/remax-connection-nj,Tier 3,40,20,7.0,8,75.0,B - Strong fit,,,,
689,Gsd Contracting,96,gsdcontracting.com,,Florida,Fort Lauderdale,4675 Anglers Ave,33312,Construction,,https://www.linkedin.com/company/gsd-contracting-llc,Tier 3,40,20,7.0,8,75.0,B - Strong fit,,,,
690,Cincinnati Ballet,99,cballet.org,,Ohio,Cincinnati,1555 Central Parkway,45214,Performing Arts,58432.0,https://www.linkedin.com/company/cincinnati-ballet,Tier 3,40,18,7.0,10,75.0,B - Strong fit,,,,
691,Mcwane Plant & Industrial,93,mcwanepi.com,,Alabama,Birmingham,1201 Vanderbilt Rd,35234,Metal Valve Ball and Roller Manufacturing,71408691.0,https://www.linkedin.com/company/mcwanepi,Tier 3,40,18,7.0,10,75.0,B - Strong fit,,,,
692,Even Hotels,98,evenhotels.com,,Georgia,Atlanta,,,Hotels and Motels,3636267.0,https://www.linkedin.com/company/evenhotels,Tier 3,40,18,7.0,10,75.0,B - Strong fit,,,,
693,Southway Builders,100,southwaybuilders.com,,Maryland,Baltimore,1318 East Fort Avenue,21230,Nonresidential Building Construction,1200352.0,https://www.linkedin.com/company/southwaybuilders,Tier 3,40,18,7.0,10,75.0,B - Strong fit,,,,
694,Electro-Harmonix / New Sensor,99,ehx.com,,New York,New York,47-50 33rd Street,11101,Musicians,10096464.0,https://www.linkedin.com/company/electro-harmonix-new-sensor-corp-,Tier 3,40,18,7.0,10,75.0,B - Strong fit,,,,
695,MT Newswires,99,mtnewswires.com,,Maryland,Bethesda,4720 Montgomery Lane,20814,Online Audio and Video Media,2551723.0,https://www.linkedin.com/company/mt-newswires,Tier 3,40,18,7.0,10,75.0,B - Strong fit,,,,
696,Little Rock Convention and Visitors Bureau,90,littlerock.com,,Arkansas,Little Rock,101 S Spring St,72201,Travel Arrangements,2509207.0,https://www.linkedin.com/company/little-rock-convention-and-visitors-bureau,Tier 3,40,18,7.0,10,75.0,B - Strong fit,,,,
697,Hair Zone INC.,89,sensationnel.com,,New Jersey,Moonachie,10 State St,7074,Manufacturing,,https://www.linkedin.com/company/sensationnel-hair-products-s-a/,Tier 3,40,20,7.0,8,75.0,B - Strong fit,,,,
698,"Bema, Inc.",91,bemaprint.com,,Illinois,Elmhurst,744 N Oaklawn Ave,,Oil and Gas,,https://www.linkedin.com/company/bemaincorporated,Tier 3,40,20,7.0,8,75.0,B - Strong fit,,,,
699,Reagan Power & Compression LLC,91,reaganpower.com,,Louisiana,,,,Oil and Gas,,https://www.linkedin.com/company/reagan-power-compression-llc,Tier 3,40,20,7.0,8,75.0,B - Strong fit,,,,
700,Gerber Group,98,gerberbars.com,,New York,New York,145 EAST 57 St.,10022,Hospitality,,https://www.linkedin.com/company/gerber-group,Tier 3,40,20,7.0,8,75.0,B - Strong fit,,,,
701,Detyens Shipyards,167,detyens.com,,South Carolina,North Charleston,1670 Dry Dock Avenue,29405,Shipbuilding,57845288.0,https://www.linkedin.com/company/detyens-shipyards-inc.,Tier 3,40,18,7.0,10,75.0,B - Strong fit,,,,
702,Collaborative Support Programs of Nj,166,cspnj.org,,New Jersey,Freehold,11 Spring St,7728,Community Services,651069.0,https://www.linkedin.com/company/cspnj,Tier 3,40,18,7.0,10,75.0,B - Strong fit,,,,
703,Q Center,170,qcenter.com,,Illinois,St Charles,1405 North 5th Avenue,60174,Events Services,311241.0,https://www.linkedin.com/company/q-center-il,Tier 3,40,18,7.0,10,75.0,B - Strong fit,,,,
704,Ohorongo Cement,170,ohorongo-cement.com,,Louisiana,Eros,,,Wholesale Building Materials,1033362.0,https://www.linkedin.com/company/ohorongo-cement-pty-ltd,Tier 3,40,18,7.0,10,75.0,B - Strong fit,,,,
705,New York Health & Racquet Club,170,nyhrc.com,,New York,New York,,,Health and Human Services,92820.0,https://www.linkedin.com/company/nyhrc,Tier 3,40,18,7.0,10,75.0,B - Strong fit,,,,
706,Burke,169,burkecorp.com,,Iowa,Nevada,,50201,Wholesale Food and Beverage,641657.0,https://www.linkedin.com/company/burke-corporation,Tier 3,40,18,7.0,10,75.0,B - Strong fit,,,,
707,Beverly,169,beverlyknits.com,,North Carolina,Gastonia,1675 Garfield Dr,28052,Textile Manufacturing,5828988.0,https://www.linkedin.com/company/beverly-knits-inc,Tier 3,40,18,7.0,10,75.0,B - Strong fit,,,,
708,Taylor Oil Co. Inc.,156,tayloroilco.com,,New Jersey,Somerville,77 2Nd St,8876,Oil and Gas,,https://www.linkedin.com/company/taylor-oil-co.,Tier 3,40,20,7.0,8,75.0,B - Strong fit,,,,
709,L'alliance New York,180,lallianceny.org,,New York,New York,42 Rue Blanche,1060,Language Schools,1023386.0,https://www.linkedin.com/company/lallianceny,Tier 3,40,18,7.0,10,75.0,B - Strong fit,,,,
710,Truck Enterprises,155,truckenterprises.com,,Virginia,Harrisonburg,3440 S Main St,22801,Truck Transportation,2576403.0,https://www.linkedin.com/company/truck-enterprises-inc-,Tier 3,40,18,7.0,10,75.0,B - Strong fit,,,,
711,"Texas Pipe Works, Inc.",160,texaspipeworks.com,,Texas,Longview,2810 Bill Owens Pkwy Ste 400,,Oil and Gas,,https://www.linkedin.com/company/texas-pipe-works-inc,Tier 3,40,20,7.0,8,75.0,B - Strong fit,,,,
712,BAYS,159,bayskids.org,,Florida,Orlando,3104 Cherry Palm Drive,33619,Individual and Family Services,424819.0,https://www.linkedin.com/company/bay-area-youth-services,Tier 3,40,18,7.0,10,75.0,B - Strong fit,,,,
713,Rapid Transport,159,rapidtransport.com,,Texas,Pharr,3814 North Cage Boulevard,78577,Truck Transportation,11647414.0,https://www.linkedin.com/company/rapid-transport,Tier 3,40,18,7.0,10,75.0,B - Strong fit,,,,
714,Automatic Spring Products,158,automaticspring.com,,Michigan,Grand Haven,803 Taylor Avenue,49417,Spring and Wire Product Manufacturing,6351686.0,https://www.linkedin.com/company/automatic-spring-products-corp-,Tier 3,40,18,7.0,10,75.0,B - Strong fit,,,,
715,At Your Side Home Care,79,atyoursidehomecare.com,,Texas,Houston,2400 Augusta Dr Ste 260,77057,Services for the Elderly and Disabled,38159001.0,https://www.linkedin.com/company/at-your-side-home-care-corporate,Tier 3,40,18,7.0,10,75.0,B - Strong fit,,,,
716,National Court Reporters Association,244,ncra.org,,Virginia,Reston,12030 Sunrise Valley Drive,20191,Professional Organizations,11118323.0,https://www.linkedin.com/company/nationalcourtreportersassociation,Tier 3,40,18,7.0,10,75.0,B - Strong fit,,,,
717,Boston Magazine,79,bostonmagazine.com,,Massachusetts,Boston,300 Massachusetts Avenue,2115,Periodical Publishing,20084.0,https://www.linkedin.com/company/boston-magazine,Tier 3,40,18,7.0,10,75.0,B - Strong fit,,,,
718,G.a. Productions  Da Ellio's Pizza,156,ellios.com,,Florida,St Augustine,,7644,Food and Beverage Services,,https://www.linkedin.com/company/g-a-productions-llc-d-b-a-ellio-s-pizza,Tier 3,40,20,7.0,8,75.0,B - Strong fit,,,,
719,"The HP Group, LLC",92,hpgroup-sdv.com,,North Carolina,Dunn,700 W Broad St,,Facilities Services,,https://www.linkedin.com/company/the-hp-group-llc,Tier 3,40,20,7.0,8,75.0,B - Strong fit,,,,
720,JPA,92,jpa.global,,,,,,Entertainment,79406808.0,https://www.linkedin.com/company/jpa.global,Tier 3,40,18,7.0,10,75.0,B - Strong fit,,,,
721,Quickcable,92,quickcable.com,,Wisconsin,Caledonia,3700 Quick Drive,53126,Appliances Electrical and Electronics Manufacturing,147744.0,https://www.linkedin.com/company/quick-cable-corporation,Tier 3,40,18,7.0,10,75.0,B - Strong fit,,,,
722,Internet Broadcasting,92,nexstardigital.com,,Minnesota,,,,Radio and Television Broadcasting,10279.0,https://www.linkedin.com/company/internet-broadcasting,Tier 3,40,18,7.0,10,75.0,B - Strong fit,,,,
723,Greentouch,94,greentouchlandscape.com,,District of Columbia,Us,,,Consumer Services,,https://www.linkedin.com/company/greentouch,Tier 3,40,20,7.0,8,75.0,B - Strong fit,,,,
724,Ken Toweryâ€™s Tire and Auto Care,85,kentowery.com,,Kentucky,Lexington,,,Rubber Products Manufacturing,10166342.0,https://www.linkedin.com/company/ken-towery%E2%80%99s-tire-and-auto-care,Tier 3,40,18,7.0,10,75.0,B - Strong fit,,,,
725,Legends Sports Bar and Grill,84,legendssportsbarandgrill.com,,Connecticut,Bristol,,,Bars Taverns and Nightclubs,57357471.0,https://www.linkedin.com/company/legends-sports-bar-and-grill,Tier 3,40,18,7.0,10,75.0,B - Strong fit,,,,
726,New York Mutual Trading,84,nymtc.com,,New Jersey,Moonachie,77 Metro Way,7094,Wholesale Alcoholic Beverages,1706096.0,https://www.linkedin.com/company/new-york-mutual-trading-inc.,Tier 3,40,18,7.0,10,75.0,B - Strong fit,,,,
727,Re Max Plus,79,remaxfrederick.com,,Maryland,Frederick,,,Real Estate,,https://www.linkedin.com/company/remax-plus,Tier 3,40,20,7.0,8,75.0,B - Strong fit,,,,
728,SPSA,86,spsa.biz,,Georgia,,,,Defense and Space Manufacturing,1364920.0,https://www.linkedin.com/company/spsa,Tier 3,40,18,7.0,10,75.0,B - Strong fit,,,,
729,Airvac Vacuum Sewer Collection Systems,85,airvac.com,,Indiana,Rochester,4217 N Old Us Hwy 31,46975,Water Supply and Irrigation Systems,10959247.0,https://www.linkedin.com/company/airvac-vacuum-technology,Tier 3,40,18,7.0,10,75.0,B - Strong fit,,,,
730,Just For Feet,85,justforfeet.com,,Alabama,Birmingham,7400 Cahaba Valley Rd,35242,Wholesale Footwear,3884683.0,https://www.linkedin.com/company/just-for-feet,Tier 3,40,18,7.0,10,75.0,B - Strong fit,,,,
731,Volunteers in Medicine Clinic Hilton Head Island,87,vimclinic.org,,South Carolina,Hilton Head Island,15 Northridge Dr,29926,Outpatient Care Centers,870933.0,https://www.linkedin.com/company/vimhhi,Tier 3,40,18,7.0,10,75.0,B - Strong fit,,,,
732,Central Association For The Blind and Visually Impaired,89,cabvi.org,,New York,Utica,507 Kent Street,13501,Individual and Family Services,1334720.0,https://www.linkedin.com/company/central-association-for-the-blind-and-visually-impaired,Tier 3,40,18,7.0,10,75.0,B - Strong fit,,,,
733,EOM,89,eomworx.com,,Georgia,Richmond Hill,,,Utilities,7940565.0,https://www.linkedin.com/company/eom-worx,Tier 3,40,18,7.0,10,75.0,B - Strong fit,,,,
734,Premier Real Estate,88,premierreo.net,,Pennsylvania,Philadelphia,,,Real Estate,,https://www.linkedin.com/company/premier-real-estate-inc.,Tier 3,40,20,7.0,8,75.0,B - Strong fit,,,,
735,Taylor Lubricants,88,taylorlubricants.com,,South Carolina,Spartanburg,2586 Southport Road,29302,Oil and Coal Product Manufacturing,9477510.0,https://www.linkedin.com/company/taylor-enterprises-inc-,Tier 3,40,18,7.0,10,75.0,B - Strong fit,,,,
736,Lamb & Associates Packaging,86,lambpackaging.com,,Arkansas,Maumelle,1700 Murphy Dr,72113,Packaging and Containers Manufacturing,33198158.0,https://www.linkedin.com/company/lamb-associates-packaging-inc,Tier 3,40,18,7.0,10,75.0,B - Strong fit,,,,
737,Termac,117,termac.com,,Pennsylvania,Philadelphia,7330 Tulip St,19136,Hospitality,,https://www.linkedin.com/company/termac-corporation,Tier 3,40,20,7.0,8,75.0,B - Strong fit,,,,
738,Gator Cases,117,gatorcases.com,,Florida,Lutz,19982 North Dale Mabry Highway,33548,Musicians,313928.0,https://www.linkedin.com/company/gator-cases-inc-/about/,Tier 3,40,18,7.0,10,75.0,B - Strong fit,,,,
739,Cusano's Italian Bakery,120,cusanos.com,,Florida,Pompano Beach,5480 W Hillsboro Blvd Ste 1,33073,Baked Goods Manufacturing,1068752.0,https://www.linkedin.com/company/cusano's-italian-bakery,Tier 3,40,18,7.0,10,75.0,B - Strong fit,,,,
740,Forte Residential  and Forte Home Health Care,120,forteresidential.org,,Indiana,Warsaw,"120 S Lake St, Ste 100",46580,Individual and Family Services,15609196.0,https://www.linkedin.com/company/forte-residential-inc.,Tier 3,40,18,7.0,10,75.0,B - Strong fit,,,,
741,Passage Foods,119,passagefoods.com,,Tennessee,Columbia,,,Consumer Services,,linkedin.com/company/passage-foods,Tier 3,40,20,7.0,8,75.0,B - Strong fit,,,,
742,Scranton Products,66,scrantonproducts.com,,Pennsylvania,Scranton,1330 West Fulton Market,60607,Wholesale Building Materials,1588585.0,https://www.linkedin.com/company/scranton-products,Tier 3,40,18,7.0,10,75.0,B - Strong fit,,,,
743,Ud Trucks North America,66,udtrucks.com,,Texas,Austin,,94103,Industrial Machinery Manufacturing,4530083.0,https://www.linkedin.com/company/ud-trucks,Tier 3,40,18,7.0,10,75.0,B - Strong fit,,,,
744,POWELL BROTHERS TBC LLC,65,westernplows.com,,Virginia,Lynchburg,4401 Richmond Hwy,,Machinery Manufacturing,,https://www.linkedin.com/company/western-products,Tier 3,40,20,7.0,8,75.0,B - Strong fit,,,,
745,Legal Aid Society Of Mid New York,78,lasmny.org,,New York,Utica,,13501,Law Practice,,https://www.linkedin.com/company/lasmny,Tier 3,40,20,7.0,8,75.0,B - Strong fit,,,,
746,District Council 9 Iupat,60,districtcouncil9.net,,New York,New York,,,Industry Associations,11080217.0,https://www.linkedin.com/company/district-council-9-iupat,Tier 3,40,18,7.0,10,75.0,B - Strong fit,,,,
747,Sargent Logistics,60,sargentlogistics.com,,Illinois,Chicago,4043 West 52nd Street,60632,Truck Transportation,61263875.0,https://www.linkedin.com/company/sargent-logistics-inc,Tier 3,40,18,7.0,10,75.0,B - Strong fit,,,,
748,Pettit National Ice Center,60,thepettit.com,,Wisconsin,Milwaukee,,,Sports Teams and Clubs,3922683.0,https://www.linkedin.com/company/pettit-national-ice-center,Tier 3,40,18,7.0,10,75.0,B - Strong fit,,,,
749,Landscape Associates,60,laipros.com,,Alabama,Bessemer,2450 Old Hwy. 150,35022,Landscaping Services,15960632.0,https://www.linkedin.com/company/landscape-associates-inc.,Tier 3,40,18,7.0,10,75.0,B - Strong fit,,,,
750,Metal Trades,61,metaltrades.com,,South Carolina,Hollywood,4194  HIGHWAY 165,29449,Shipbuilding,1755495.0,https://www.linkedin.com/company/metal-trades-inc,Tier 3,40,18,7.0,10,75.0,B - Strong fit,,,,
751,Southeast Petro Distributors,61,southeastpetro.com,,Florida,Cocoa,402 Highpoint Drive,32926,Natural Gas Distribution,9241182.0,https://www.linkedin.com/company/southeast-petro-distributors-inc-,Tier 3,40,18,7.0,10,75.0,B - Strong fit,,,,
752,Foam Factory,61,thefoamfactory.com,,Michigan,Macomb,,,Rubber Products Manufacturing,2793083.0,https://www.linkedin.com/company/foam-factory,Tier 3,40,18,7.0,10,75.0,B - Strong fit,,,,
753,Grotnes,61,grotnes.com,,Michigan,Niles,,,Industrial Machinery Manufacturing,3225997.0,https://www.linkedin.com/company/grotnesinc,Tier 3,40,18,7.0,10,75.0,B - Strong fit,,,,
754,B.C. Construction Company,65,bococonst.com,,Missouri,,,,Construction,,https://www.linkedin.com/company/b-c-construction-company,Tier 3,40,20,7.0,8,75.0,B - Strong fit,,,,
755,Island Ventures,64,islandventuresinc.com,,Arkansas,,,,Hospitality,,https://www.linkedin.com/company/island-ventures-llc,Tier 3,40,20,7.0,8,75.0,B - Strong fit,,,,
756,Tbs Shipping Services,66,tbsship.com,,New York,Scarsdale,,,Maritime Transportation,148978.0,https://www.linkedin.com/company/tbs-shipping-services,Tier 3,40,18,7.0,10,75.0,B - Strong fit,,,,
757,Aem Group,55,aemgrp.com,,Indiana,Fishers,598 Nance Road,35757,Computers and Electronics Manufacturing,733969.0,https://www.linkedin.com/company/aemg,Tier 3,40,18,7.0,10,75.0,B - Strong fit,,,,
758,Prestige Cleaners,55,prestigecleanersinc.net,,Tennessee,Knoxville,7536 Taggart Lane,37938,Laundry and Drycleaning Services,335948.0,https://www.linkedin.com/company/prestige-cleaners,Tier 3,40,18,7.0,10,75.0,B - Strong fit,,,,
759,Tanner Industries,56,tannerind.com,,Alabama,Lincoln,735 Davisville Road,18966,Chemical Manufacturing,5464674.0,https://www.linkedin.com/company/tanner-industries,Tier 3,40,18,7.0,10,75.0,B - Strong fit,,,,
760,Ncura National Council of University Research Administrators,56,ncura.edu,,District of Columbia,Washington,"1225 19th Street, NW, Ste 850",20036,Professional Organizations,9184907.0,https://www.linkedin.com/company/ncura-national-council-of-university-research-administrators,Tier 3,40,18,7.0,10,75.0,B - Strong fit,,,,
761,San Antonio Current,56,sacurrent.com,,Texas,San Antonio,,,Periodical Publishing,70505.0,https://www.linkedin.com/company/san-antonio-current,Tier 3,40,18,7.0,10,75.0,B - Strong fit,,,,
762,Music People An Exertis Jam Business,56,musicpeopleinc.com,,Connecticut,Berlin,154 Woodlawn Road,6037,Sound Recording,156139.0,https://www.linkedin.com/company/the-music-people-inc-,Tier 3,40,18,7.0,10,75.0,B - Strong fit,,,,
763,"The Driven Man, LLC",56,drivenman.com,,Tennessee,Cookeville,3075 Poplar Grove Rd,,Manufacturing,,https://www.linkedin.com/company/the-driven-man-llc,Tier 3,40,20,7.0,8,75.0,B - Strong fit,,,,
764,Country Fresh Meats,56,countryfreshmeats.com,,Wisconsin,Schofield,,,Wholesale Food and Beverage,4382890.0,https://www.linkedin.com/company/country-fresh-meats,Tier 3,40,18,7.0,10,75.0,B - Strong fit,,,,
765,Bellevue Golf Club,56,bellevuegolfclub.com,,Massachusetts,Melrose,,,Golf Courses and Country Clubs,1636443.0,https://www.linkedin.com/company/bellevue-golf-club,Tier 3,40,18,7.0,10,75.0,B - Strong fit,,,,
766,Cpm Construction Planning and Management,56,cpmconstruction.com,,Indiana,Indianapolis,10053 Hague Road,46256,Nonresidential Building Construction,1060915.0,https://www.linkedin.com/company/cpm-construction-planning-and-management-inc.,Tier 3,40,18,7.0,10,75.0,B - Strong fit,,,,
767,Platte-clay Electric Cooperative,57,pcec.coop,,Missouri,Kearney,1000 W Hwy. 92,64060,Fossil Fuel Electric Power Generation,678006.0,https://www.linkedin.com/company/platte-clay-electric-cooperative,Tier 3,40,18,7.0,10,75.0,B - Strong fit,,,,
768,Meals On Wheels San Antonio,57,mowsatx.org,,Texas,San Antonio,4306 Northwest Loop 410,78229,Services for the Elderly and Disabled,1820699.0,https://www.linkedin.com/company/mowsatx,Tier 3,40,18,7.0,10,75.0,B - Strong fit,,,,
769,Early Learning Coalition of Pinellas County,57,elcpinellas.net,,Florida,Clearwater,2536 Countryside Boulevard,33763,Child Day Care Services,2098382.0,https://www.linkedin.com/company/early-learning-coalition-of-pinellas-county-inc.,Tier 3,40,18,7.0,10,75.0,B - Strong fit,,,,
770,Midwest Mobility Solutions,57,mmsatt.com,,Kentucky,-,2274 s telegraph Rd.,48201,Wireless Services,9328059.0,https://www.linkedin.com/company/midwest-mobility-solutions,Tier 3,40,18,7.0,10,75.0,B - Strong fit,,,,
771,Pike Valley Unified School District 426,56,pikevalley.com,,Kansas,Scandia,100 School St,,Mental Health Care,,https://www.linkedin.com/company/pike-valley-high-school,Tier 3,40,20,7.0,8,75.0,B - Strong fit,,,,
772,SUPERIOR PROPERTY MANAGEMENT LLC,55,superiormgmtmi.com,,Michigan,Saint Joseph,207 Hawthorne Ave Ste 1,,Real Estate,,https://www.linkedin.com/company/gardner-management-company,Tier 3,40,20,7.0,8,75.0,B - Strong fit,,,,
773,Metro Golf Cars,59,metrogolfcars.com,,Texas,Fort Worth,,,Retail Motor Vehicles,15349210.0,https://www.linkedin.com/company/metro-golf-cars-inc,Tier 3,40,18,7.0,10,75.0,B - Strong fit,,,,
774,123 Exteriors,60,123exteriors.com,,Ohio,Westerville,13505 A St.,68144-3648,Building Structure and Exterior Contractors,1135373.0,https://www.linkedin.com/company/123-exteriors,Tier 3,40,18,7.0,10,75.0,B - Strong fit,,,,
775,Viking Forest Products,60,vikingforest.com,,Minnesota,Eden Prairie,,55344,Paper and Forest Product Manufacturing,4027115.0,https://www.linkedin.com/company/viking-forest-products,Tier 3,40,18,7.0,10,75.0,B - Strong fit,,,,
776,Gateway Grizzlies Baseball,60,gatewaygrizzlies.com,,Illinois,St Louis,2301 Grizzlie Bear Blvd,62206,Sports Teams and Clubs,444082.0,https://www.linkedin.com/company/gateway-grizzlies,Tier 3,40,18,7.0,10,75.0,B - Strong fit,,,,
777,"Taylor Oil, Inc.",59,tayloroilinc.com,,Kansas,Wellsville,504 Main St,,Oil and Gas,,https://www.linkedin.com/company/taylor-oil-inc,Tier 3,40,20,7.0,8,75.0,B - Strong fit,,,,
778,Perma-chink Systems,55,permachink.com,,District of Columbia,Redmond,1605 Prosser Road,37914,Wholesale Building Materials,8759191.0,https://www.linkedin.com/company/perma-chink-systems,Tier 3,40,18,7.0,10,75.0,B - Strong fit,,,,
779,Elgin Power Solutions,55,elginpowersolutions.com,,West Virginia,Beaver,10050 Cash Road,77477,Appliances Electrical and Electronics Manufacturing,11311861.0,https://www.linkedin.com/company/elginpowersolutions,Tier 3,40,18,7.0,10,75.0,B - Strong fit,,,,
780,American Academy of Addiction Psychiatry,55,aaap.org,,Rhode Island,East Providence,400 Massasoit Ave Ste 300,2914,Professional Organizations,1996160.0,https://www.linkedin.com/company/aaap,Tier 3,40,18,7.0,10,75.0,B - Strong fit,,,,
781,Classic Photographers,61,classicphotographers.com,,New Hampshire,Londonderry,88 Nashua Rd,3053,Photography,35560055.0,https://www.linkedin.com/company/classic-photographers,Tier 3,40,18,7.0,10,75.0,B - Strong fit,,,,
782,City of Delavan,95,delbrookgolfclub.com,,Wisconsin,Delavan,123 S 2Nd St Stop 2,,Wellness and Fitness Services,,https://www.linkedin.com/company/delbrook-golf-course,Tier 3,40,20,7.0,8,75.0,B - Strong fit,,,,
783,Ahr Metals,95,ahrmetals.com,,Alabama,Bessemer,20  DIVISION ST,35020,Construction,,https://www.linkedin.com/company/ebc-steel,Tier 3,40,20,7.0,8,75.0,B - Strong fit,,,,
784,Cardinal Services  of Indiana,206,cardinalservices.org,,Indiana,Warsaw,504 N Bay Dr,46580,Community Services,896561.0,https://www.linkedin.com/company/cardinal-services-inc.-of-indiana,Tier 3,40,18,7.0,10,75.0,B - Strong fit,,,,
785,DRTC,202,drtc.org,,Oklahoma,Oklahoma City,2501 North Utah Avenue,73107,Individual and Family Services,293396.0,https://www.linkedin.com/company/drtcorg,Tier 3,40,18,7.0,10,75.0,B - Strong fit,,,,
786,City of Holly Springs,200,visithollysprings.com,,Mississippi,Holly Springs,195 E Van Dorn Ave,,Hospitality,,https://www.linkedin.com/company/holly-springs-tourism-&-recreational-bureau,Tier 3,40,20,7.0,8,75.0,B - Strong fit,,,,
787,"Schuler Restaurants, Inc.",225,schulersrestaurant.com,,Michigan,Marshall,115 S Eagle St,,Hospitality,,https://www.linkedin.com/company/schulers-restaurant,Tier 3,40,20,7.0,8,75.0,B - Strong fit,,,,
788,Gesher Human Services,223,geshermi.org,,Michigan,Southfield,29699 Southfield Road,48076,Individual and Family Services,456110.0,https://www.linkedin.com/company/jvs-detroit,Tier 3,40,18,7.0,10,75.0,B - Strong fit,,,,
789,PWT,214,haccpa.com,,Florida,,,,Wholesale Building Materials,1058605.0,https://www.linkedin.com/company/pwt,Tier 3,40,18,7.0,10,75.0,B - Strong fit,,,,
790,Cronimet Corporation USA,55,cronimetusa.com,,Pennsylvania,Aliquippa,,,Mining,4648818.0,https://www.linkedin.com/company/cronimet-corp,Tier 3,40,18,7.0,10,75.0,B - Strong fit,,,,
791,"Sunrise Health Foods, Inc.",60,sunrisehealthfoods.com,,Illinois,Lansing,17650 Torrence Ave,,Wellness and Fitness Services,,https://www.linkedin.com/company/sunrise-health-foods,Tier 3,40,20,7.0,8,75.0,B - Strong fit,,,,
792,Trinity Alliance of The Capital Region,62,trinityalliancealbany.org,,New York,Albany,15 Trinity Pl,12202,Individual and Family Services,1480965.0,https://www.linkedin.com/company/trinity-alliance-of-the-capital-region-inc.,Tier 3,40,18,7.0,10,75.0,B - Strong fit,,,,
793,Vectronix,62,vectronix.us,,Virginia,Ashburn,,,Defense and Space Manufacturing,378253.0,https://www.linkedin.com/company/vectronix-inc,Tier 3,40,18,7.0,10,75.0,B - Strong fit,,,,
794,Robinson Stave and Cumberland Cooperage,62,robinsonstave.com,,Kentucky,East Bernstadt,1805 Kentucky 3434,40729,Distilleries,33078479.0,https://www.linkedin.com/company/robinson-stave-and-east-bernstadt-cooperage,Tier 3,40,18,7.0,10,75.0,B - Strong fit,,,,
795,Cleaner Living Services,62,cleanerlivingservices.com,,Illinois,Lisle,,,Janitorial Services,6382230.0,https://www.linkedin.com/company/cleaner-living-services-inc-,Tier 3,40,18,7.0,10,75.0,B - Strong fit,,,,
796,Bethany House Services,62,bethanyhouseservices.org,,Ohio,Cincinnati,1717 SE Orient Dr Apt 113,97080,Community Services,35488033.0,https://www.linkedin.com/company/bethany-house-services,Tier 3,40,18,7.0,10,75.0,B - Strong fit,,,,
797,Bbc America,62,bbcamerica.com,,New York,New York,,,Cable and Satellite Programming,4031177.0,https://www.linkedin.com/company/bbcamerica,Tier 3,40,18,7.0,10,75.0,B - Strong fit,,,,
798,Transport Express,58,transportexpress.com,,Minnesota,St Paul,,,Truck Transportation,79378953.0,https://www.linkedin.com/company/transport-express-llc,Tier 3,40,18,7.0,10,75.0,B - Strong fit,,,,
799,Blackrock Strategy,59,blackrockstrategy.com,,Alabama,Huntsville,4100 Market Street Southwest,35808,Defense and Space Manufacturing,70828446.0,https://www.linkedin.com/company/blackrock-strategy,Tier 3,40,18,7.0,10,75.0,B - Strong fit,,,,
800,Prime Foods,57,briooil.com,,Georgia,Atlanta,,,Food and Beverage Services,,https://www.linkedin.com/company/prime-foods-usa,Tier 3,40,20,7.0,8,75.0,B - Strong fit,,,,
801,"HUMAN DEVELOPMENT CENTER, INC.",57,hdcinc.org,,Florida,Tampa,3809 N Tampa St,,Wellness and Fitness Services,,https://www.linkedin.com/company/human-development-center-inc.,Tier 3,40,20,7.0,8,75.0,B - Strong fit,,,,
802,LocalAdLink,57,localadlink.net,,Michigan,Haslett,,,Public Relations and Communications Services,358394.0,https://www.linkedin.com/company/localadlink,Tier 3,40,18,7.0,10,75.0,B - Strong fit,,,,
803,Abadi Group,59,abadigroup.com,,New Jersey,West Long Branch,265 New Jersey 36,7764,Telecommunications Carriers,303606.0,https://www.linkedin.com/company/abadi-group,Tier 3,40,18,7.0,10,75.0,B - Strong fit,,,,
804,Martin Calibration,59,martincalibration.com,,Minnesota,Burnsville,11965 12th Avenue South,55337,Industrial Machinery Manufacturing,6686370.0,https://www.linkedin.com/company/martin-calibration-inc-,Tier 3,40,18,7.0,10,75.0,B - Strong fit,,,,
805,Adams Electric Cooperative,59,adamsec.coop,,Pennsylvania,Gettysburg,1338 BIGLERVILLE Rd.,17325,Fossil Fuel Electric Power Generation,710252.0,https://www.linkedin.com/company/adams-electric-cooperative-inc.,Tier 3,40,18,7.0,10,75.0,B - Strong fit,,,,
806,Midway Ford,59,rosevillemidwayford.com,,Minnesota,Roseville,2777 Snelling Avenue North,55113,Retail Motor Vehicles,10163191.0,https://www.linkedin.com/company/midway-ford,Tier 3,40,18,7.0,10,75.0,B - Strong fit,,,,
807,Willoughby Golf Club,58,willoughbygolfclub.com,,Florida,Stuart,3001 Southeast Doubleton Drive,34997,Real Estate,,https://www.linkedin.com/company/willoughbygolfclub/,Tier 3,40,20,7.0,8,75.0,B - Strong fit,,,,
808,Ism Security,58,ism-security.com,,Indiana,Highland,9501 Indianapolis Boulevard,46322,Security Guards and Patrol Services,4031070.0,https://www.linkedin.com/company/ism-security,Tier 3,40,18,7.0,10,75.0,B - Strong fit,,,,
809,Superior Painting,118,ck.page,,South Carolina,,,,Construction,,https://www.linkedin.com/company/superior-painting,Tier 3,40,20,7.0,8,75.0,B - Strong fit,,,,
810,"PINCHERS CRAB SHACK OF DOWNTOWN FT MYERS, INC",120,pinchersusa.com,,Florida,Fort Myers,2360 W First St,,Food and Beverage Services,,https://www.linkedin.com/company/pinchers,Tier 3,40,20,7.0,8,75.0,B - Strong fit,,,,
811,"Choice U.S.A. Beverage, Inc.",120,choiceusabeverage.com,,North Carolina,Lowell,603 Groves St,,Food and Beverage Services,,https://www.linkedin.com/company/choice-usa-beverage-inc,Tier 3,40,20,7.0,8,75.0,B - Strong fit,,,,
812,"Turner Development Co., Inc.",125,duallanes.com,,Maryland,Hagerstown,17325 Virginia Ave,,Wellness and Fitness Services,,https://www.linkedin.com/company/turner-bowling-center,Tier 3,40,20,7.0,8,75.0,B - Strong fit,,,,
813,Spectra Wood,123,spectrawood.com,,Pennsylvania,State College,,,Furniture and Home Furnishings Manufacturing,86944665.0,https://www.linkedin.com/company/spectrawood,Tier 3,40,18,7.0,10,75.0,B - Strong fit,,,,
814,Chem Carriers,53,chemcarriers.com,,Louisiana,Sunshine,1237 Hwy 75,70780,Maritime Transportation,73960617.0,https://www.linkedin.com/company/chem-carriers,Tier 3,40,18,7.0,10,75.0,B - Strong fit,,,,
815,American Federal Mortgage,53,americanfedmortgage.com,,New Jersey,Chester,360 Route 24,7930,Savings Institutions,151238.0,https://www.linkedin.com/company/american-federal-mortgage-corp,Tier 3,40,18,7.0,10,75.0,B - Strong fit,,,,
816,D.f. Pray General Contractors,53,dfpray.com,,Massachusetts,Seekonk,,2771,Building Construction,1475869.0,https://www.linkedin.com/company/d-f-pray-general-contractors,Tier 3,40,18,7.0,10,75.0,B - Strong fit,,,,
817,Bmw of Darien,65,bmwdarien.com,,Connecticut,Darien,140 Ledge Road,6820,Retail Motor Vehicles,2291001.0,https://www.linkedin.com/company/bmw-of-darien,Tier 3,40,18,7.0,10,75.0,B - Strong fit,,,,
818,At Home Care,53,ahcnys.com,,New York,Oneonta,,,Wellness and Fitness Services,,https://www.linkedin.com/company/athomecarelhcsa,Tier 3,40,20,7.0,8,75.0,B - Strong fit,,,,
819,Sydor Optics,53,sydor.com,,New York,Rochester,31 Jetview Drive,14609,Appliances Electrical and Electronics Manufacturing,4028413.0,https://www.linkedin.com/company/sydor-optics,Tier 3,40,18,7.0,10,75.0,B - Strong fit,,,,
820,Precision Wire Forms,53,wire-forms.com,,Michigan,Three Rivers,1100 West Broadway Street,49093,Spring and Wire Product Manufacturing,10239650.0,https://www.linkedin.com/company/precision-wire-forms,Tier 3,40,18,7.0,10,75.0,B - Strong fit,,,,
821,Lakeview Golf Resort & Conference Center,53,lakeviewresort.com,,West Virginia,Morgantown,,,Golf Courses and Country Clubs,5485209.0,https://www.linkedin.com/company/lakeview-golf-resort-&-spa,Tier 3,40,18,7.0,10,75.0,B - Strong fit,,,,
822,"Chart Automotive Group, Inc.",53,chartauto.com,,Missouri,Saint Louis,8801 Frost Ave,,Food and Beverage Services,,https://www.linkedin.com/company/chart-distribution-group,Tier 3,40,20,7.0,8,75.0,B - Strong fit,,,,
823,Ha Industries,55,ha-industries.com,,Michigan,Sterling Heights,,48310,Automation Machinery Manufacturing,9478504.0,https://www.linkedin.com/company/ha-industries,Tier 3,40,18,7.0,10,75.0,B - Strong fit,,,,
824,Webb Automotive Group,73,webbcars.com,,Illinois,Oak Lawn,9440 S CICERO AVE,60453,Retail Motor Vehicles,16212723.0,https://www.linkedin.com/company/webbautomotive,Tier 3,40,18,7.0,10,75.0,B - Strong fit,,,,
825,Manchester-boston Regional Airport,67,flymanchester.com,,New Hampshire,Manchester,1 Airport Road,3103,Airlines and Aviation,613275.0,https://www.linkedin.com/company/manchester-boston-regional-airport,Tier 3,40,18,7.0,10,75.0,B - Strong fit,,,,
826,"Sub-Aquatics, Inc.",53,breathingair.com,,Ohio,Reynoldsburg,8855 E Broad St,,Manufacturing,,https://www.linkedin.com/company/breathing-air-systems-inc,Tier 3,40,20,7.0,8,75.0,B - Strong fit,,,,
827,Lipton,78,liptonenergy.com,,Massachusetts,Pittsfield,458 South St,1201,Manufacturing,,https://www.linkedin.com/company/lipton-inc.,Tier 3,40,20,7.0,8,75.0,B - Strong fit,,,,
828,Specialty Rolled Metals,78,specialtyrolledmetals.com,,Illinois,Carol Stream,423 Saint Paul Blvd,30024,Mining,506138.0,https://www.linkedin.com/company/specialty-rolled-metals,Tier 3,40,18,7.0,10,75.0,B - Strong fit,,,,
829,Platinum Energy,77,platinumenergy1.com,,New York,,,,Oil and Gas,,https://www.linkedin.com/company/platinum-energy1,Tier 3,40,20,7.0,8,75.0,B - Strong fit,,,,
830,Haverhill Country Club,77,haverhillcc.com,,Massachusetts,Haverhill,,,Hospitality,,https://www.linkedin.com/company/haverhill-country-club-inc,Tier 3,40,20,7.0,8,75.0,B - Strong fit,,,,
831,Corporate Air,71,travelredefined.com,,Pennsylvania,West Mifflin,15 Allegheny County Airport,15122,Airlines and Aviation,93646931.0,https://www.linkedin.com/company/corporateair-llc,Tier 3,40,18,7.0,10,75.0,B - Strong fit,,,,
832,Stillwater Milling Company,71,watermill.com,,Oklahoma,Stillwater,512 E 6th Ave,74074,Animal Feed Manufacturing,9204662.0,https://www.linkedin.com/company/stillwater-milling-company,Tier 3,40,18,7.0,10,75.0,B - Strong fit,,,,
833,Parsons Commercial Roofing,71,parsonsroofing.com,,Texas,Lorena,,,Building Structure and Exterior Contractors,693258.0,https://www.linkedin.com/company/parsons-roofing,Tier 3,40,18,7.0,10,75.0,B - Strong fit,,,,
834,Labor Temps,71,oninstaffing.com,,Illinois,Chicago,2147 N Western Ave,60647,Temporary Help Services,863335.0,https://www.linkedin.com/company/labor-temps,Tier 3,40,18,7.0,10,75.0,B - Strong fit,,,,
835,Applegate Insulation,74,applegateinsulation.com,,Michigan,Webberville,1000 Highview Drive,48892,Wholesale Building Materials,1532430.0,https://www.linkedin.com/company/applegate-insulation,Tier 3,40,18,7.0,10,75.0,B - Strong fit,,,,
836,Duffey Southeast Construction,72,duffeyse.com,,Georgia,Cedartown,209 East Ware St.,30125,Nonresidential Building Construction,2637698.0,https://www.linkedin.com/company/duffey-southeast-inc-,Tier 3,40,18,7.0,10,75.0,B - Strong fit,,,,
837,Vector Windows,72,vectorwindows.com,,Minnesota,Fergus Falls,1020 International Dr,56537,Building Structure and Exterior Contractors,2443254.0,https://www.linkedin.com/company/vector-windows,Tier 3,40,18,7.0,10,75.0,B - Strong fit,,,,
838,Any Assembly,72,anyassembly.com,,Maryland,Windsor Mill,,,Furniture and Home Furnishings Manufacturing,2526003.0,https://www.linkedin.com/company/anyassembly-com,Tier 3,40,18,7.0,10,75.0,B - Strong fit,,,,
839,N-store Services,73,nstoreservices.com,,Missouri,Chesterfield,160 Chesterfield Industrial Boulevard,63005,Nonresidential Building Construction,2886052.0,https://www.linkedin.com/company/n-store-services,Tier 3,40,18,7.0,10,75.0,B - Strong fit,,,,
840,National Museum of Mexican Art,73,nationalmuseumofmexicanart.org,,Illinois,Chicago,1852 West 19th Street,60608,Museums,1211020.0,https://www.linkedin.com/company/national-museum-of-mexican-art,Tier 3,40,18,7.0,10,75.0,B - Strong fit,,,,
841,Watry Industries,73,watry.com,,Wisconsin,Sheboygan,3312 Lakeshore Drive,53081,Plastics Manufacturing,2682223.0,https://www.linkedin.com/company/watry-industries,Tier 3,40,18,7.0,10,75.0,B - Strong fit,,,,
842,Norstar Trailers,74,norstarcompany.com,,Texas,Brookston,5500 Farm to Market 38,75421,Truck Transportation,33026737.0,https://www.linkedin.com/company/norstar-truck-bodies-llc,Tier 3,40,18,7.0,10,75.0,B - Strong fit,,,,
843,Working in The Schools,74,witschicago.org,,Illinois,Chicago,641 W Lake Ste. 200,60661,Book and Periodical Publishing,680311.0,https://www.linkedin.com/company/working-in-the-schools-wits-,Tier 3,40,18,7.0,10,75.0,B - Strong fit,,,,
844,"Ken's Discount Building Materials, Inc.",72,kensdiscount.net,,Arkansas,El Dorado,1200 N West Ave,,Wholesale,,https://www.linkedin.com/company/kens-discount-trains,Tier 3,40,20,7.0,8,75.0,B - Strong fit,,,,
845,Bark Avenue,114,barkavenueomaha.com,,Michigan,Utica,,,Animal Feed Manufacturing,9569260.0,https://www.linkedin.com/company/bark-avenue,Tier 3,40,18,7.0,10,75.0,B - Strong fit,,,,
846,Company Store,114,thecompanystore.com,,New Jersey,Weehawken,,,Mattress and Blinds Manufacturing,10110322.0,https://www.linkedin.com/company/the-company-store,Tier 3,40,18,7.0,10,75.0,B - Strong fit,,,,
847,Flat Rate Moving,113,flatrate.com,,New York,New York,555 W 25TH ST,33169,Truck Transportation,538012.0,https://www.linkedin.com/company/flatrate-moving-miami,Tier 3,40,18,7.0,10,75.0,B - Strong fit,,,,
848,Christophe Harbour,112,christopheharbour.com,,Ohio,Peninsula,,,Real Estate,,https://www.linkedin.com/company/christophe-harbour-development-company/?originalSubdomain=kn,Tier 3,40,20,7.0,8,75.0,B - Strong fit,,,,
849,Appliance Warehouse of America,112,appliancewhse.com,,Texas,,,,Real Estate and Equipment Rental Services,217072.0,https://www.linkedin.com/company/appliance-warehouse-of-america-inc.,Tier 3,40,18,7.0,10,75.0,B - Strong fit,,,,
850,Linwood Center,116,linwoodcenter.org,,Maryland,Ellicott City,Martha Bush Drive,21043,Individual and Family Services,1952353.0,https://www.linkedin.com/company/linwood-center-inc.,Tier 3,40,18,7.0,10,75.0,B - Strong fit,,,,
851,CoAction,116,nwi-ca.com,,Indiana,Crown Point,5240 Fountain Drive,46307,Community Services,659792.0,https://www.linkedin.com/company/northwest-indiana-community-action-corporation,Tier 3,40,18,7.0,10,75.0,B - Strong fit,,,,
852,American Beverage Marketers,116,abmcocktails.com,,Indiana,New Albany,810 Progress Blvd,47150,Wholesale Alcoholic Beverages,110637.0,https://www.linkedin.com/company/american-beverage-marketers,Tier 3,40,18,7.0,10,75.0,B - Strong fit,,,,
853,Opportunity Living,67,opportunityliving.org,,Iowa,Lake City,1890 East Main Street,51449,Services for the Elderly and Disabled,5468688.0,https://www.linkedin.com/company/opportunity-living,Tier 3,40,18,7.0,10,75.0,B - Strong fit,,,,
854,Flat Top Grill,115,flattopgrill.com,,Illinois,Chicago,30 S Wabash Ave,60603,Food and Beverage Services,,https://www.linkedin.com/company/flat-top-grill,Tier 3,40,20,7.0,8,75.0,B - Strong fit,,,,
855,Wartech Engineering,63,wartechengineering.com,,Michigan,Romulus,6775 Brandt St,48174,Motor Vehicle Parts Manufacturing,108521.0,https://www.linkedin.com/company/sun-engineering,Tier 3,40,18,7.0,10,75.0,B - Strong fit,,,,
856,Afscme Council 93,64,afscme93.org,,Massachusetts,Boston,8 Beacon Street,,Political Organizations,3102765.0,https://www.linkedin.com/company/afscme-council-93,Tier 3,40,18,7.0,10,75.0,B - Strong fit,,,,
857,Winner Aviation,64,winner-aviation.com,,Ohio,Vienna Center,453 Youngstown Kingsville Rd,44473,Airlines and Aviation,880669.0,https://www.linkedin.com/company/winner-aviation,Tier 3,40,18,7.0,10,75.0,B - Strong fit,,,,
858,"Blackland Partners, LLC (f/k/a Provident GC)",63,blacklandpartners.net,,Texas,,,,Construction,,https://www.linkedin.com/company/providentgeneralcontrators,Tier 3,40,20,7.0,8,75.0,B - Strong fit,,,,
859,Basin Precision Machining,63,wzlindustries.com,,Wisconsin,,,,Manufacturing,,https://www.linkedin.com/company/basin-precision-machining-llc,Tier 3,40,20,7.0,8,75.0,B - Strong fit,,,,
860,Temple Isaiah,63,templeisaiah.net,,Massachusetts,Lexington,,,Consumer Services,,https://www.linkedin.com/company/temple-isaiah-of-lexington,Tier 3,40,20,7.0,8,75.0,B - Strong fit,,,,
861,Manthei Wood Products,65,mantheiwoodproducts.com,,Michigan,Petoskey,,64106,Wood Product Manufacturing,10692773.0,https://www.linkedin.com/company/manthei-wood-products,Tier 3,40,18,7.0,10,75.0,B - Strong fit,,,,
862,"LAWLER HOLDING COMPANY, LLC",115,2ndwindhvac.com,,South Carolina,Columbia,6130 Shakespeare Rd,,Consumer Services,,https://www.linkedin.com/company/2nd-wind,Tier 3,40,20,7.0,8,75.0,B - Strong fit,,,,
863,US Together,67,ustogether.us,,Ohio,Columbus,1415 E Dublin Granville Rd Ste 100,43229,Community Services,1282740.0,https://www.linkedin.com/company/us-together-inc,Tier 3,40,18,7.0,10,75.0,B - Strong fit,,,,
864,Hanover Area Ymca,66,hanoverymca.org,,Pennsylvania,Hanover,500 George Street,17331,Health and Human Services,4693316.0,https://www.linkedin.com/company/hanover-area-ymca,Tier 3,40,18,7.0,10,75.0,B - Strong fit,,,,
865,Performance Products Painting Inc,68,pppi.com,,Maine,Auburn,63 Omni Cir,,Manufacturing,,https://www.linkedin.com/company/futureguard-building-products,Tier 3,40,20,7.0,8,75.0,B - Strong fit,,,,
866,Cornerstone Pros Air Conditioning,68,cornerstonepros.com,,Florida,Land O' Lakes,,,Construction,,https://www.linkedin.com/company/cornerstone-pros,Tier 3,40,20,7.0,8,75.0,B - Strong fit,,,,
867,Bono's Pit and Bar Bq,67,bonosbarbq.com,,Florida,Jacksonville,,32207-3272,Food and Beverage Services,,https://www.linkedin.com/company/bonos-barbq,Tier 3,40,20,7.0,8,75.0,B - Strong fit,,,,
868,Optimal US Logistics,70,optimal-uslogistics.com,,Florida,Clearwater,,,Truck Transportation,28976030.0,https://www.linkedin.com/company/optimal-us-logistics,Tier 3,40,18,7.0,10,75.0,B - Strong fit,,,,
869,Central Catholic High School,69,centralcatholic.org,,Ohio,Toledo,,,Consumer Services,,https://www.linkedin.com/school/central-catholic-high-school-toledo-ohio/,Tier 3,40,20,7.0,8,75.0,B - Strong fit,,,,
870,W & T Contracting Corporation,70,wtcontractingcorp.com,,Tennessee,Memphis,4745 Poplar Ave Ste 212,,Construction,,https://www.linkedin.com/company/w-t-contracting-corporation,Tier 3,40,20,7.0,8,75.0,B - Strong fit,,,,
871,Marina Maher Communications,110,hellommc.com,,New York,New York,830 3rd Avenue,10022,Public Relations and Communications Services,19243.0,https://www.linkedin.com/company/marina-maher-communications,Tier 3,40,18,7.0,10,75.0,B - Strong fit,,,,
872,Stoughton Horan Corp.,70,horanoil.com,,Massachusetts,Stoughton,125 Simpson St,,Oil and Gas,,https://www.linkedin.com/company/horan-oil-corp,Tier 3,40,20,7.0,8,75.0,B - Strong fit,,,,
873,Gotham Writers Workshop,109,writingclasses.com,,New York,New York,"555 8th Ave, Ste 1402",10018,Writing and Editing,484091.0,https://www.linkedin.com/company/gotham-writers'%E2%80%8B-workshop,Tier 3,40,18,7.0,10,75.0,B - Strong fit,,,,
874,Southern Management And Development LP,108,smdproperty.com,,Florida,Boca Raton,4800 N Federal Hwy Ste 307D,,Real Estate,,https://www.linkedin.com/company/southern-management-&-development-l.p.,Tier 3,40,20,7.0,8,75.0,B - Strong fit,,,,
875,Southwestern Interiors,107,southwesterninteriors.com,,Texas,,,,Construction,,https://www.linkedin.com/company/southwestern-carpets-ltd.,Tier 3,40,20,7.0,8,75.0,B - Strong fit,,,,
876,Omi Industries,112,omi-industries.com,,Illinois,Palatine,220 N Smith St Ste 315,60067,Chemical Manufacturing,915044.0,www.linkedin.com/company/omi-industries,Tier 3,40,18,7.0,10,75.0,B - Strong fit,,,,
877,"Galleon Enterprises, Inc",110,gallagherspizza.com,,Wisconsin,Green Bay,164 N Broadway,,Food and Beverage Services,,https://www.linkedin.com/company/gallagherspizza,Tier 3,40,20,7.0,8,75.0,B - Strong fit,,,,
878,Teal Construction Company,110,tealcon.com,,Texas,Houston,1335 Brittmoore Rd.,77043,Nonresidential Building Construction,1888304.0,https://www.linkedin.com/company/tealconstruction,Tier 3,40,18,7.0,10,75.0,B - Strong fit,,,,
879,Rich Harvest Farms,110,richharvestfarms.com,,Illinois,Sugar Grove,2330 Granart Road,60554,Golf Courses and Country Clubs,741198.0,https://www.linkedin.com/company/rich-harvest-farms,Tier 3,40,18,7.0,10,75.0,B - Strong fit,,,,
880,"Miller Wire Works, Inc.",70,millerwireworks.com,,Alabama,Birmingham,7429 Georgia Rd,,Machinery Manufacturing,,https://www.linkedin.com/company/miller-wire-works-inc-,Tier 3,40,20,7.0,8,75.0,B - Strong fit,,,,
881,SWECO,396,sweco.com,,Kentucky,Florence,,41042,Machinery Manufacturing,870840.0,https://www.linkedin.com/company/sweco_2,Tier 2,30,20,14.0,10,74.0,B - Strong fit,,,,
882,Barnsco Texas,355,barnsco.com,,Texas,Dallas,2609 Willowbrook Road,75220,Construction,2856089.0,https://www.linkedin.com/company/barnsco-inc-,Tier 2,30,20,14.0,10,74.0,B - Strong fit,,,,
883,Army West Point Athletic Association,45,goarmywestpoint.com,,New York,West Point,2 Thayer Road,10996,Spectator Sports,80944420.0,https://www.linkedin.com/company/armywestpointathleticassociation,Tier 2,32,18,14.0,10,74.0,B - Strong fit,,,,
884,Scranton Counseling Center,265,scrantonscc.org,,Pennsylvania,Scranton,326 Adams Avenue,18503,Mental Health Care,6959351.0,https://www.linkedin.com/company/scranton-counseling-ctr,Tier 2,30,20,14.0,10,74.0,B - Strong fit,,,,
885,Go2 Logistics,41,www.go2.us,,Illinois,Melrose Park,165 W Lake St,60164,Truck Transportation,3071140.0,https://www.linkedin.com/company/go2-logistics/,Tier 2,32,18,14.0,10,74.0,B - Strong fit,,,,
886,Foreign Affairs Magazine,35,foreignaffairs.com,,New York,New York,58 E 68Th St.,10065,Periodical Publishing,3121967.0,https://www.linkedin.com/company/foreign-affairs-magazine,Tier 2,32,18,14.0,10,74.0,B - Strong fit,,,,
887,Authors Guild,28,authorsguild.org,,New York,New York,31 East 32nd Street,10016,Professional Organizations,5174496.0,https://www.linkedin.com/company/the-authors-guild,Tier 2,32,18,14.0,10,74.0,B - Strong fit,,,,
888,Louisville Tile Distributors,199,louisville-tile.com,,Kentucky,Shelbyville,4520  BISHOP LN,40223,Clay and Refractory Products Manufacturing,,https://www.linkedin.com/company/louisville-tile,Tier 3,40,18,7.0,8,73.0,B - Strong fit,,,,
889,Brockway Area School District (inc),250,elkcountyfoundation.org,,Pennsylvania,Brockway,40 North St,,Professional Organizations,,https://www.linkedin.com/company/elk-county-community-foundation,Tier 3,40,18,7.0,8,73.0,B - Strong fit,,,,
890,"RAHF IV Farmington Preservation Limited Dividend Housing Association, LLC",250,farmington-pres.org,,Michigan,Farmington,32900 Grand River Ave,,Professional Organizations,,https://www.linkedin.com/company/farmington-presbyterian-nursery-school,Tier 3,40,18,7.0,8,73.0,B - Strong fit,,,,
891,Weld Wheel Industries,104,weldwheels.com,,Missouri,Kansas City,,64129-1847,Motor Vehicle Parts Manufacturing,,https://www.linkedin.com/company/weld-racing-llc,Tier 3,40,18,7.0,8,73.0,B - Strong fit,,,,
892,MSB Consulting Engineers,104,msb-engineering.com,,Louisiana,,,,Professional Services,,https://www.linkedin.com/company/msbenbow,Tier 3,40,18,7.0,8,73.0,B - Strong fit,,,,
893,Platinum International Consultants,105,platinumic.com,,Texas,Houston,,,Professional Services,,https://www.linkedin.com/company/platinum-international-consultants,Tier 3,40,18,7.0,8,73.0,B - Strong fit,,,,
894,"HALLSDALE-POWELL UTILITY DISTRICT KNOX COUNTY, TENNESSEE",85,hpud.org,,Tennessee,Knoxville,3745 Cunningham Rd,,Utilities,,https://www.linkedin.com/company/hallsdale-powell-utility-district-inc-,Tier 3,40,18,7.0,8,73.0,B - Strong fit,,,,
895,"Trinity Manufacturing, Inc.",115,trinitymfg.com,,North Carolina,,,,Chemical Manufacturing,,https://www.linkedin.com/company/trinity-manufacturing-inc.,Tier 3,40,18,7.0,8,73.0,B - Strong fit,,,,
896,"SC Of Upstate NY, Inc.",110,smokerschoiceusa.com,,New York,Amsterdam,4803 State Highway 30 Ste 4,,Tobacco Manufacturing,,https://www.linkedin.com/company/sc-choice-management-corp-,Tier 3,40,18,7.0,8,73.0,B - Strong fit,,,,
897,"Norstar Aluminum Molds, Inc.",70,norstarmolds.com,,Wisconsin,Cedarburg,W66N622 Madison Ave,,Industrial Machinery Manufacturing,,https://www.linkedin.com/company/norstar-aluminum-molds-inc,Tier 3,40,18,7.0,8,73.0,B - Strong fit,,,,
898,Performance Pallet,62,performance-corp.com,,Wisconsin,Seymour,112 N Mainline Dr,54165,Packaging and Containers Manufacturing,,https://www.linkedin.com/company/performance-pallet-corp.,Tier 3,40,18,7.0,8,73.0,B - Strong fit,,,,
899,Stoneleigh-burnham School,112,sbschool.org,,Massachusetts,Greenfield,574  BERNARDSTON RD,1301,Fundraising,,https://www.linkedin.com/company/stoneleigh-burnham-school,Tier 3,40,18,7.0,8,73.0,B - Strong fit,,,,
900,Physical Therapy Associates Inc,67,physicaltherapyky.com,,Michigan,Okemos,1735 Hamilton Rd Ste 400,,Hospitals,,https://www.linkedin.com/company/physical-therapy-associates-inc.,Tier 3,40,18,7.0,8,73.0,B - Strong fit,,,,
901,Fanelli Brothers Trucking Company,100,fanellitrucking.com,,Pennsylvania,Pottsville,1298 Keystone Blvd,,Truck Transportation,,https://www.linkedin.com/company/calexiscs,Tier 3,40,18,7.0,8,73.0,B - Strong fit,,,,
902,National Steel City,102,nsc-us.com,,Michigan,Plymouth,,48170-6013,Specialty Trade Contractors,,https://www.linkedin.com/company/national-steel-city-llc,Tier 3,40,18,7.0,8,73.0,B - Strong fit,,,,
903,"SUPERIOR DISTRIBUTING CO., INC.",75,beercocitybev.com,,Ohio,Fostoria,22116 Township Road 218,,Human Resources Services,,https://www.linkedin.com/company/beerco-distributing-co,Tier 3,40,18,7.0,8,73.0,B - Strong fit,,,,
904,Fortune Maritime Inc,100,sealiftinc.org,,New York,Oyster Bay,68 W Main St,,Maritime Transportation,,https://www.linkedin.com/company/sealift-holdings-inc.,Tier 3,40,18,7.0,8,73.0,B - Strong fit,,,,
905,"Buffalo Shredding and Recovery, LLC",100,metalico.com,,New York,Buffalo,3175 Lake Shore Rd,,Transportation Logistics and Storage,,https://www.linkedin.com/company/metalico-rochester-inc,Tier 3,40,18,7.0,8,73.0,B - Strong fit,,,,
906,Sign Zone,68,makeursign.com,,Illinois,Chicago,,,Printing Services,,https://www.linkedin.com/company/sign-zone,Tier 3,40,18,7.0,8,73.0,B - Strong fit,,,,
907,Montevideo Publishing Co,120,montenews.com,,Minnesota,Montevideo,223 S 1St St,,Newspaper Publishing,,https://www.linkedin.com/company/montevideo-publishing-co,Tier 3,40,18,7.0,8,73.0,B - Strong fit,,,,
908,"Reco Industries, Inc.",53,reco-industries.com,,Virginia,Richmond,710 Hospital St,,Food and Beverage Manufacturing,,https://www.linkedin.com/company/reco-industries-limited,Tier 3,40,18,7.0,8,73.0,B - Strong fit,,,,
909,"BSFC, LLC",129,ballreich.com,,Ohio,Tiffin,186 Ohio Ave,,Food and Beverage Manufacturing,,https://www.linkedin.com/company/ballreich-bros.-inc.,Tier 3,40,18,7.0,8,73.0,B - Strong fit,,,,
910,Heat Treatment Services,54,aldtt.net,,Michigan,Port Huron,2656 24th St,48060,Industrial Machinery Manufacturing,,https://www.linkedin.com/company/ald-thermal-treatment-inc-,Tier 3,40,18,7.0,8,73.0,B - Strong fit,,,,
911,SKATING CLUBS OF GEORGIA INC,61,sparklesgwinnett.com,,Georgia,Lawrenceville,1104 Grayson Hwy,,Photography,,https://www.linkedin.com/company/sparkles-skating-rink,Tier 3,40,18,7.0,8,73.0,B - Strong fit,,,,
912,"Cass Screw Machine Products, LLC",149,cassprecisionmachining.com,,Minnesota,Minneapolis,4800 Lilac Dr N,55429,Automation Machinery Manufacturing,,https://www.linkedin.com/company/cass-precision-machining,Tier 3,40,18,7.0,8,73.0,B - Strong fit,,,,
913,Heidelberg Pain Consortium,150,sfb1158.de,,Illinois,Chicago,,,Professional Services,,https://www.linkedin.com/company/sfb1158,Tier 3,40,18,7.0,8,73.0,B - Strong fit,,,,
914,NTG Air and Ocean,149,ntgairocean.comand www.ariesgl.com,,New York,,,,Transportation Logistics and Storage,,https://www.linkedin.com/company/aries-global-logistics,Tier 3,40,18,7.0,8,73.0,B - Strong fit,,,,
915,"WARREN STEEL PRODUCTS, INC.",94,thewarrencompany.com,,Pennsylvania,Erie,2201 Loveland Ave,16506,Mining,,https://www.linkedin.com/company/the-warren-company,Tier 3,40,18,7.0,8,73.0,B - Strong fit,,,,
916,Liberty Properties,94,libertyproperties.info,,Alabama,Auburn,,,Leasing Non-residential Real Estate,,https://www.linkedin.com/company/liberty-properties,Tier 3,40,18,7.0,8,73.0,B - Strong fit,,,,
917,"Mc Tyre Trucking Company, Inc.",200,mctyretrucking.com,,Florida,Orlando,501 4Th St,,Paper and Forest Product Manufacturing,,https://www.linkedin.com/company/mcintyre-trucking,Tier 3,40,18,7.0,8,73.0,B - Strong fit,,,,
918,"Green Logistics, LLC",230,greenlgx.com,,Georgia,Duluth,4400 River Green Pkwy Ste 160,,Transportation Logistics and Storage,,https://www.linkedin.com/company/green-lgx,Tier 3,40,18,7.0,8,73.0,B - Strong fit,,,,
919,Redlands Christian Migrant Association,154,rcma.org,,Florida,Naples,402 West Main Street,34142,Community Services,,https://www.linkedin.com/company/rcma1965,Tier 3,40,18,7.0,8,73.0,B - Strong fit,,,,
920,Spectra Metal Sales,156,spectraguttersystems.com,,Georgia,Atlanta,,30336-2706,Wholesale Metals and Minerals,,https://www.linkedin.com/company/spectra-gutter-systems,Tier 3,40,18,7.0,8,73.0,B - Strong fit,,,,
921,West Fargo City of,168,westfargopolice.com,,North Dakota,West Fargo,2515 6Th St E,,Executive Offices,,https://www.linkedin.com/company/west-fargo-police,Tier 3,40,18,7.0,8,73.0,B - Strong fit,,,,
922,Precision Masters Inc.,51,maplemoldtechnologies.com,,Michigan,Rochester,1985 Northfield Dr,,Plastics Manufacturing,,https://www.linkedin.com/company/maple-mold-technologies,Tier 3,40,18,7.0,8,73.0,B - Strong fit,,,,
923,Seitel,119,seitel.com,,Texas,Houston,10811 South Westview Circle Drive,77043,Professional Services,,https://www.linkedin.com/company/seitel,Tier 3,40,18,7.0,8,73.0,B - Strong fit,,,,
924,Watermark Estate Management Services,53,watermark-llc.com,,Oklahoma,Seattle,,98033,Individual and Family Services,,https://www.linkedin.com/company/watermark-estate-management-services,Tier 3,40,18,7.0,8,73.0,B - Strong fit,,,,
925,G. A. Wintzer & Son,118,gawintzer.com,,Ohio,Wapakoneta,,,Food and Beverage Manufacturing,,https://www.linkedin.com/company/g.-a.-wintzer-&-son-co.,Tier 3,40,18,7.0,8,73.0,B - Strong fit,,,,
926,"Southern Controls, Inc.",116,site.southerncontrols.com,,Alabama,Montgomery,3511 Wetumpka Hwy,,Automation Machinery Manufacturing,,https://www.linkedin.com/company/southern-controls-inc,Tier 3,40,18,7.0,8,73.0,B - Strong fit,,,,
927,"Pulaski Publishing, Inc.",73,holleysprinting.com,,Tennessee,Pulaski,955 W College St,,Printing Services,,https://www.linkedin.com/company/holley's-printing,Tier 3,40,18,7.0,8,73.0,B - Strong fit,,,,
928,"Paul's Auto Yard, Inc.",120,paulsautosalvage.com,,Indiana,Westville,651 W State Road 2,,Wholesale Motor Vehicles and Parts,,https://www.linkedin.com/company/rochester-auto-llc-dba-paul-s-auto-yard,Tier 3,40,18,7.0,8,73.0,B - Strong fit,,,,
929,Yale Broadcasting Company,55,wybc.com,,Connecticut,,,6510,Broadcast Media Production and Distribution,,https://www.linkedin.com/company/wybcx-943-yale-radio,Tier 3,40,18,7.0,8,73.0,B - Strong fit,,,,
930,Northwestern Media,60,northwesternmedia.com,,Minnesota,,,,Broadcast Media Production and Distribution,,https://www.linkedin.com/company/northwestern-media,Tier 3,40,18,7.0,8,73.0,B - Strong fit,,,,
931,Misticafoods,71,misticafoods.com,,Illinois,Addison,West Commercial Avenue,60101,Food and Beverage Manufacturing,,https://www.linkedin.com/company/mistica-foods-llc,Tier 3,40,18,7.0,8,73.0,B - Strong fit,,,,
932,K & E CAMP CORPORATION,175,kenwood-evergreen.com,,New Hampshire,Wilmot Flat,114 Eagle Pond Rd,,Recreational Facilities,,https://www.linkedin.com/company/camps-kenwood-&-evergreen,Tier 3,40,18,7.0,8,73.0,B - Strong fit,,,,
933,Wolong Electric America,249,wolongamerica.com,,Texas,Houston,,77056-6522,Wholesale Motor Vehicles and Parts,,https://www.linkedin.com/company/gemotorswolong,Tier 3,40,18,7.0,8,73.0,B - Strong fit,,,,
934,Omaha Printing Company,98,omahaprintshop.com,,Nebraska,Omaha,4700 F St,,Printing Services,,https://www.linkedin.com/company/omaha-print-shop,Tier 3,40,18,7.0,8,73.0,B - Strong fit,,,,
935,R4 Inc.,250,r4-inc.com,,Maryland,Edgewood,2204 Lakeside Blvd Ste A,,Appliances Electrical and Electronics Manufacturing,,https://www.linkedin.com/company/r4-incorporated,Tier 3,40,18,7.0,8,73.0,B - Strong fit,,,,
936,Training & Coaching,237,thetraining.nl,,Delaware,,,,Professional Training and Coaching,,https://www.linkedin.com/company/the-training-&-coaching,Tier 3,40,18,7.0,8,73.0,B - Strong fit,,,,
937,NASSERI CLINIC OF ARTHRITIC & RHUMATIC DISEASES L,97,nassericlinic.com,,Maryland,Catonsville,700 Geipe Rd Ste 200,,Hospitals,,https://www.linkedin.com/company/nasseri-clinic,Tier 3,40,18,7.0,8,73.0,B - Strong fit,,,,
938,Syracuse University School Of Information Studies,198,ischool.syr.edu,,New York,Syracuse,,,Higher Education,27187417.0,https://www.linkedin.com/company/ischoolsu,Tier 2,40,8,14.0,10,72.0,B - Strong fit,,,,
939,Human Coalition,135,humancoalition.org,,Texas,Plano,5052  PO BOX,75024,Education Administration Programs,10407098.0,https://www.linkedin.com/company/human-coalition,Tier 2,40,8,14.0,10,72.0,B - Strong fit,,,,
940,Tba Credit Union,133,tbacu.com,,Michigan,Traverse City,630 East Front Street,49686,Banking,2680925.0,https://www.linkedin.com/company/tba-credit-union,Tier 2,40,8,14.0,10,72.0,B - Strong fit,,,,
941,Born This Way Foundation,70,bornthisway.foundation,,New York,New York,1880 Century Park E Ste 1600,10107,Philanthropic Fundraising Services,15936452.0,https://www.linkedin.com/company/born-this-way-foundation,Tier 2,40,8,14.0,10,72.0,B - Strong fit,,,,
942,Lutheran Church Extension Fund Lcef,146,lcef.org,,Missouri,St Louis,10733 Sunset Office Drive,63127,Religious Institutions,117023.0,https://www.linkedin.com/company/lutheran-church-extension-fund-lcef,Tier 2,40,8,14.0,10,72.0,B - Strong fit,,,,
943,Legends Bank,140,legendsbank.com,,Tennessee,Clarksville,North 1st Street,37040,Banking,1267843.0,https://www.linkedin.com/company/legends-bank,Tier 2,40,8,14.0,10,72.0,B - Strong fit,,,,
944,Peachtree Presbyterian Church,118,peachtreechurch.com,,Georgia,,,,Religious Institutions,528067.0,https://www.linkedin.com/company/peachtreechurch,Tier 2,40,8,14.0,10,72.0,B - Strong fit,,,,
945,Northern Credit Union,103,mynorthern.com,,New York,Watertown,Polk Street,13601,Banking,10634414.0,https://www.linkedin.com/company/northern-credit-union---ny,Tier 2,40,8,14.0,10,72.0,B - Strong fit,,,,
946,Habitat For Humanity Philadelphia,64,habitatphiladelphia.org,,Pennsylvania,Philadelphia,1829 North 19th Street,19121,Non-profit Organizations,801105.0,https://www.linkedin.com/company/habitat-for-humanity-philadelphia-inc-,Tier 2,40,8,14.0,10,72.0,B - Strong fit,,,,
947,Resource Global,94,resourceglobal.org,,Illinois,Chicago,,,Religious Institutions,3305487.0,https://www.linkedin.com/company/re-source-global,Tier 2,40,8,14.0,10,72.0,B - Strong fit,,,,
948,Illinois Enactus,68,illinoisenactus.com,,Illinois,Champaign,,,Civic and Social Organizations,2974077.0,https://www.linkedin.com/company/illinois-enactus,Tier 2,40,8,14.0,10,72.0,B - Strong fit,,,,
949,City Mission of Schenectady,82,citymission.com,,New York,Schenectady,425 Hamilton Street,12305,Non-profit Organizations,10443119.0,https://www.linkedin.com/company/city-mission-of-schenectady,Tier 2,40,8,14.0,10,72.0,B - Strong fit,,,,
950,Nascent,99,nascents.org,,Virginia,Alexandria,85 South Bragg Street,22312,Non-profit Organizations,1184629.0,https://www.linkedin.com/company/nascent-solutions,Tier 2,40,8,14.0,10,72.0,B - Strong fit,,,,
951,Members Credit Union,76,memcu.com,,North Carolina,Winston-Salem,2098 Frontis Plaza Blvd,27103,Banking,1637382.0,https://www.linkedin.com/company/members-credit-union,Tier 2,40,8,14.0,10,72.0,B - Strong fit,,,,
952,Hibbing Community College,104,hibbing.edu,,Minnesota,Hibbing,,,Higher Education,487289.0,https://www.linkedin.com/company/hibbing-community-college,Tier 2,40,8,14.0,10,72.0,B - Strong fit,,,,
953,Legacy Early College,157,legacyearlycollege.org,,South Carolina,Greenville,900 Woodside Avenue,29611,Education Administration Programs,22296732.0,https://www.linkedin.com/company/legacyearlycollege/insights/,Tier 2,40,8,14.0,10,72.0,B - Strong fit,,,,
954,Jewish Federation of Metropolitan Detroit,146,jewishdetroit.org,,Michigan,Bloomfield Hills,,,Civic and Social Organizations,49273.0,https://www.linkedin.com/company/jewish-federation-of-metropolitan-detroit,Tier 2,40,8,14.0,10,72.0,B - Strong fit,,,,
955,Philadelphia Fight,192,fight.org,,Pennsylvania,Philadelphia,1233 Locust Street,19107,Non-profit Organizations,119681.0,https://www.linkedin.com/company/philadelphia-fight,Tier 2,40,8,14.0,10,72.0,B - Strong fit,,,,
956,iCivics,20,icivics.org,,Massachusetts,Cambridge,1035 Cambridge Street,2141,E-Learning Providers,1163485.0,https://www.linkedin.com/company/icivics,Tier 2,18,30,14.0,10,72.0,B - Strong fit,,,,
957,First Reliance Bank,241,firstreliance.com,,South Carolina,Florence,2170 W Palmetto St,29501,Banking,20664.0,https://www.linkedin.com/company/firstreliance,Tier 2,40,8,14.0,10,72.0,B - Strong fit,,,,
958,360 Youth Services,51,360youthservices.org,,Illinois,Naperville,,,Non-profit Organizations,3192724.0,https://www.linkedin.com/company/360-youth-services,Tier 2,40,8,14.0,10,72.0,B - Strong fit,,,,
959,National Education Foundation,14,nationaleducationfoundation.org,,Virginia,McLean,1350 Beverly Rd Apt 219,22101,E-Learning Providers,309543.0,https://www.linkedin.com/company/national-education-foundation,Tier 2,18,30,14.0,10,72.0,B - Strong fit,,,,
960,Peoples State Bank,239,bankpeoples.com,,Wisconsin,Wausau,1905 Stewart Avenue,54401,Banking,1213668.0,https://www.linkedin.com/company/peoples-state-bank_3,Tier 2,40,8,14.0,10,72.0,B - Strong fit,,,,
961,Sussex Im,347,sussexim.com,,Wisconsin,-,24770 Main Street,53089,Plastics Manufacturing,1909973.0,https://www.linkedin.com/company/sussex-im,Tier 2,30,18,14.0,10,72.0,B - Strong fit,,,,
962,New Age Protection,300,new-age-inc.com,,Virginia,Springfield,,,Security Guards and Patrol Services,721637.0,https://www.linkedin.com/company/new-age-protection-inc.,Tier 2,30,18,14.0,10,72.0,B - Strong fit,,,,
963,Pingree School,125,pingree.org,,Massachusetts,Hamilton,537 Highland Street,1982,Primary and Secondary Education,119755.0,https://www.linkedin.com/company/pingreeschool,Tier 2,40,8,14.0,10,72.0,B - Strong fit,,,,
964,Lyons National Bank,203,bankwithlnb.com,,New York,Lyons,35 William Street,14489,Banking,723826.0,https://www.linkedin.com/company/lyons-national-bank,Tier 2,40,8,14.0,10,72.0,B - Strong fit,,,,
965,Garrison Institute,55,garrisoninstitute.org,,New York,Garrison,14 Marys Way,10524,Non-profit Organizations,1123916.0,https://www.linkedin.com/company/the-garrison-institute,Tier 2,40,8,14.0,10,72.0,B - Strong fit,,,,
966,Barr Foundation,72,barrfoundation.org,,Massachusetts,Boston,2 Atlantic Avenue,2110,Philanthropic Fundraising Services,80135.0,https://www.linkedin.com/company/barrfdn,Tier 2,40,8,14.0,10,72.0,B - Strong fit,,,,
967,Public Policy Lab,58,publicpolicylab.org,,New York,Brooklyn,20 Jay Street,11201,Civic and Social Organizations,2460936.0,https://www.linkedin.com/company/public-policy-lab,Tier 2,40,8,14.0,10,72.0,B - Strong fit,,,,
968,People Powered,53,peoplepowered.org,,New York,Brooklyn,,,Civic and Social Organizations,68291925.0,https://www.linkedin.com/company/peoplepowered,Tier 2,40,8,14.0,10,72.0,B - Strong fit,,,,
969,Proverbs 31 Ministries,117,proverbs31.org,,North Carolina,Matthews,PO Box 3189,28106,Religious Institutions,885970.0,https://www.linkedin.com/company/proverbs-31-ministries,Tier 2,40,8,14.0,10,72.0,B - Strong fit,,,,
970,Accordus,68,accordus.com,,Tennessee,,,,Non-profit Organizations,,https://www.linkedin.com/company/accordus,Tier 2,40,8,14.0,8,70.0,B - Strong fit,,,,
971,IfYoureReadingThis.org,61,ifyourereadingthis.org,,Virginia,,,,Non-profit Organizations,,https://www.linkedin.com/company/ifyourereadingthis,Tier 2,40,8,14.0,8,70.0,B - Strong fit,,,,
972,The International Partnership of Education Research and Communication,62,iperc.org,,Ohio,Columbus,1170 Old Henderson Rd Ste 208,43220,Education Administration Programs,,https://www.linkedin.com/company/iperc,Tier 2,40,8,14.0,8,70.0,B - Strong fit,,,,
973,"Kolberg-Pioneer, Inc.",93,astecindustries.com,,South Dakota,Yankton,1725 Shepherd Road,37421,Machinery Manufacturing,923914.0,https://www.linkedin.com/company/kolberg-pioneer-inc.,Tier 4,40,20,0.0,10,70.0,B - Strong fit,,,,
974,"Baron Capital Group, Inc.",22,www.baroncapitalgroup.com,,New York,New York,767 5th Avenue,10153,Investment Management,,https://www.linkedin.com/company/baron-capital/,Tier 2,18,30,14.0,8,70.0,B - Strong fit,,,,
975,Severn School,170,severnschool.com,,Maryland,Severna Park,201 Water Street,21146,Education Administration Programs,,https://www.linkedin.com/company/severn-school,Tier 2,40,8,14.0,8,70.0,B - Strong fit,,,,
976,Memphis School Of Excellence,194,sememphis.org,,Tennessee,Memphis,,,Education,,https://www.linkedin.com/company/sememphis,Tier 2,40,8,14.0,8,70.0,B - Strong fit,,,,
977,Spearfish School District 40-2,240,spearfish.k12.sd.us,,South Dakota,Spearfish,525 E Illinois St,,Education Administration Programs,,https://www.linkedin.com/company/sioux-falls-school-district,Tier 2,40,8,14.0,8,70.0,B - Strong fit,,,,
978,Southwest Texas Junior College,241,swtxc.edu,,Texas,,,,Education Administration Programs,,https://www.linkedin.com/school/southwest-texas-junior-college,Tier 2,40,8,14.0,8,70.0,B - Strong fit,,,,
979,New York Jobs Ceo Council,55,nyjobsceocouncil.org,,New York,New York,,,Non-profit Organizations,,https://www.linkedin.com/company/new-york-jobs-ceo-council,Tier 2,40,8,14.0,8,70.0,B - Strong fit,,,,
980,Mount Pisgah Christian School,138,mountpisgahschool.org,,Georgia,Johns Creek,9820 Nesbit Ferry Road,30022,Education,,https://www.linkedin.com/company/mount-pisgah-christian-school,Tier 2,40,8,14.0,8,70.0,B - Strong fit,,,,
981,Big Picture Philadelphia,53,bigpicturephiladelphia.org,,Pennsylvania,Philadelphia,2300 Master Street,19121,Education,,https://www.linkedin.com/company/big-picture-philadelphia,Tier 2,40,8,14.0,8,70.0,B - Strong fit,,,,
982,Gaper,504,gaper.io,,New York,New York,,10025,IT Services and IT Consulting,40875730.0,https://www.linkedin.com/company/gaper,Tier 2,15,30,14.0,10,69.0,C - Moderate / nurture,,,,
983,Pfa Cedar Street L.C.,69,livecitron.com,,Maryland,Silver Spring,815 Pershing Dr,,Real Estate,,,Tier 3,40,20,7.0,2,69.0,C - Moderate / nurture,,,,
984,Futures Behavior Therapy Center,46,futuresbtc.com,,Massachusetts,West Boylston,55 Tozer Rd Ste 2,1915,Mental Health Care,16140757.0,https://www.linkedin.com/company/futures-behavior-therapy-center-llc,Tier 3,32,20,7.0,10,69.0,C - Moderate / nurture,,,,
985,"Associated Management, Ltd.",125,amlapartments.com,,Arkansas,North Little Rock,3501 Bay Oaks Dr,,Real Estate,,,Tier 3,40,20,7.0,2,69.0,C - Moderate / nurture,,,,
986,Gorman Management Company,140,gormanmanagementco.com,,Oklahoma,Bartlesville,398060 W 2200 Rd,,Real Estate,,,Tier 3,40,20,7.0,2,69.0,C - Moderate / nurture,,,,
987,Green Contracting Company,42,greencontracting.com,,Maryland,Rosedale,2739 Spencers Trace Northeast,30062,Construction,4129637.0,https://www.linkedin.com/company/green-contracting,Tier 3,32,20,7.0,10,69.0,C - Moderate / nurture,,,,
988,"BROWNSTONE LEGACY, INC.",55,berniereadinger.com,,Pennsylvania,Hershey,501 W Governor Rd,,Real Estate,,,Tier 3,40,20,7.0,2,69.0,C - Moderate / nurture,,,,
989,"Faithway Alliance, LLC",60,faithwayfeeds.com,,Alabama,Guntersville,4201 Lake Guntersville Park Dr,,Wholesale,,https://www.linkedin.com/company/faithwayalliance,Tier 4,40,20,0.0,8,68.0,C - Moderate / nurture,,,,
990,Corner Cafe,105,thecornercafe.com,,Missouri,Riverside,4541 Northwest Gateway Avenue,64150,Hospitality,,https://www.linkedin.com/company/rule-restaurant-group-inc,Tier 4,40,20,0.0,8,68.0,C - Moderate / nurture,,,,
991,Hacienda Ford,80,haciendaford.com,,Texas,Edinburg,3010 West University Drive,78539,Retail Motor Vehicles,4192295.0,https://www.linkedin.com/company/haciendaford,Tier 4,40,18,0.0,10,68.0,C - Moderate / nurture,,,,
992,Preschool Learning Center,57,tclny.org,,Louisiana,New Orleans,,,Musicians,7990732.0,https://www.linkedin.com/company/preschool-learning-center,Tier 4,40,18,0.0,10,68.0,C - Moderate / nurture,,,,
993,"PARADISE CAR WASH, LLC",73,paradisecarwash.com,,Minnesota,Saint Paul,1355 Town Centre Dr,,Motor Vehicle Manufacturing,,https://www.linkedin.com/company/paradisecarwash,Tier 4,40,20,0.0,8,68.0,C - Moderate / nurture,,,,
994,Simply Home,106,simply-sold.net,,Texas,Austin,616 Main Street,73749,Construction,,https://www.linkedin.com/company/simply-home-austin,Tier 4,40,20,0.0,8,68.0,C - Moderate / nurture,,,,
995,76th Software Engineering Group,193,afscciviliancareers.com,,Oklahoma,Oklahoma City,4335 North Classen Boulevard,73118,Defense and Space Manufacturing,67993351.0,https://www.linkedin.com/company/76th-software-engineering-group,Tier 4,40,18,0.0,10,68.0,C - Moderate / nurture,,,,
996,Cottage,10,thecottage.com,,Louisiana,Shreveport,,,Retail,3104532.0,https://www.linkedin.com/company/kitchen-&-bath-cottage,Tier 1,18,20,20.0,10,68.0,C - Moderate / nurture,,,,
997,Gateway Construction Company Inc,200,gatewayconstructionchicago.com,,Illinois,Melrose Park,3150 W Hirsch St,,Construction,,https://www.linkedin.com/company/gateway-construction-company-inc,Tier 4,40,20,0.0,8,68.0,C - Moderate / nurture,,,,
998,Kato Engineering,187,nidec.com,,Minnesota,North Mankato,,,Engines and Power Transmission Equipment Manufacturing,28590489.0,https://www.linkedin.com/company/katoengineering,Tier 4,40,18,0.0,10,68.0,C - Moderate / nurture,,,,
999,Beacon Credit Union,283,beaconcu.org,,Indiana,Wabash,South Wabash Street,46992,Banking,5537930.0,https://www.linkedin.com/company/beacon-credit-union,Tier 1,30,8,20.0,10,68.0,C - Moderate / nurture,,,,
1000,Tau Beta Sigma,27,tbsigma.org,,Oklahoma,Stillwater,,,Musicians,507282.0,https://www.linkedin.com/company/tau-beta-sigma,Tier 3,32,18,7.0,10,67.0,C - Moderate / nurture,,,,
1001,Precision Electrical,31,precisionelectricalco.com,,Ohio,Jackson,"2403 Sidney St., Ste. 125",15203,Appliances Electrical and Electronics Manufacturing,6132363.0,https://www.linkedin.com/company/precision-electrical,Tier 3,32,18,7.0,10,67.0,C - Moderate / nurture,,,,
1002,Penobscot Bay Ymca,29,penbayymca.org,,Maine,Rockport,840  PO BOX,4856,Consumer Services,,https://www.linkedin.com/company/flowpodcast,Tier 3,32,20,7.0,8,67.0,C - Moderate / nurture,,,,
1003,Everest Care Management,41,everestcm.net,,Pennsylvania,Lancaster,3rd Street Southwest,20024,Home Health Care Services,11551502.0,https://www.linkedin.com/company/everest-care-management,Tier 3,32,18,7.0,10,67.0,C - Moderate / nurture,,,,
1004,Waddle Trucking,28,waddletrucking.com,,Mississippi,Tupelo,2448 McCullough Boulevard,38826,Truck Transportation,4631037.0,https://www.linkedin.com/company/waddle-trucking,Tier 3,32,18,7.0,10,67.0,C - Moderate / nurture,,,,
1005,Metal Panels,46,metalpanelsinc.com,,Oklahoma,Tulsa,131 S. 147th East Ave.,74116,Wholesale Building Materials,246017.0,https://www.linkedin.com/company/metalpanelsinc,Tier 3,32,18,7.0,10,67.0,C - Moderate / nurture,,,,
1006,Morning Sun Financial Services,28,morningsunfs.com,,Minnesota,Minneapolis,,,Individual and Family Services,3110442.0,https://www.linkedin.com/company/morning-sun-financial-services,Tier 3,32,18,7.0,10,67.0,C - Moderate / nurture,,,,
1007,Neuco,338,neuco.com,,Illinois,Bolingbrook,5101 Thatcher Road,60515,Wholesale,853394.0,https://www.linkedin.com/company/neuco-inc,Tier 3,30,20,7.0,10,67.0,C - Moderate / nurture,,,,
1008,Young's Jersey Dairy,268,youngsdairy.com,,Ohio,Yellow Springs,6880 Springfield Xenia Rd.,45387,Hospitality,2588868.0,https://www.linkedin.com/company/young%27s-jersey-dairy,Tier 3,30,20,7.0,10,67.0,C - Moderate / nurture,,,,
1009,"Harold's Photo Centers, Inc.",70,haroldscameras.com,,South Dakota,Sioux Falls,912 W 41St St,,Photography,,,Tier 3,40,18,7.0,2,67.0,C - Moderate / nurture,,,,
1010,Carolina Poly,45,carolinapoly.com,,South Carolina,Chester,,29706,Plastics Manufacturing,28174812.0,https://www.linkedin.com/company/carolina-poly-inc,Tier 3,32,18,7.0,10,67.0,C - Moderate / nurture,,,,
1011,Hueber L.L.C.,80,hueberfeed.com,,Illinois,Creston,110 S Main St,,Food and Beverage Manufacturing,,https://www.linkedin.com/company/hueber-feed-llc,Tier 4,40,18,0.0,8,66.0,C - Moderate / nurture,,,,
1012,"McCorkle Truck Line, Inc.",120,mccorkletruckline.com,,Oklahoma,Oklahoma City,2132 Se 18Th St,,Transportation Logistics and Storage,,https://www.linkedin.com/company/mccorkle-truck-line-inc,Tier 4,40,18,0.0,8,66.0,C - Moderate / nurture,,,,
1013,"Springfield Flying Service, Incorporated",250,fly3dw.com,,Missouri,Springfield,2546 E Division St,,Transportation Logistics and Storage,,https://www.linkedin.com/company/springfield-flying-service-inc,Tier 4,40,18,0.0,8,66.0,C - Moderate / nurture,,,,
1014,"Sheldon Laboratory Systems, Inc.",151,sheldonlabs.com,,Mississippi,Crystal Springs,102 Kirk St,,Furniture and Home Furnishings Manufacturing,,https://www.linkedin.com/company/sheldon-labs,Tier 4,40,18,0.0,8,66.0,C - Moderate / nurture,,,,
1015,"Minyard Sons Services, Inc.",98,minyardcompany.com,,Texas,Cedar Park,1004 Cedar Park Dr,,Appliances Electrical and Electronics Manufacturing,,https://www.linkedin.com/company/minyard-electric-co-inc,Tier 4,40,18,0.0,8,66.0,C - Moderate / nurture,,,,
1016,"Piping Contractors Of Kansas, Inc.",70,pcimechanical.com,,Kansas,Topeka,4141 Nw 25Th St,,Commercial and Industrial Machinery Maintenance,,https://www.linkedin.com/company/pci-mechanical-services,Tier 4,40,18,0.0,8,66.0,C - Moderate / nurture,,,,
1017,Lehigh Northampton Airport Authority,300,flyabe.com,,Pennsylvania,Allentown,,18109,Airlines and Aviation,7109946.0,https://www.linkedin.com/company/lehigh-northampton-airport-authority,Tier 3,30,18,7.0,10,65.0,C - Moderate / nurture,,,,
1018,Genfed Financial Credit Union,116,genfed.com,,Ohio,Akron,,,Banking,8188235.0,https://www.linkedin.com/company/genfed-credit-union,Tier 3,40,8,7.0,10,65.0,C - Moderate / nurture,,,,
1019,Montgomery County Coalition For The Homeless,89,mcch.net,,Maryland,Rockville,East Gude Drive,20850,Non-profit Organizations,766791.0,https://www.linkedin.com/company/montgomery-county-coalition-for-the-homeless,Tier 3,40,8,7.0,10,65.0,C - Moderate / nurture,,,,
1020,Americans For The Arts,80,americansforthearts.org,,District of Columbia,Washington,1000 Vermont Avenue Northwest,20005,Non-profit Organizations,20753.0,https://www.linkedin.com/company/americans4arts,Tier 3,40,8,7.0,10,65.0,C - Moderate / nurture,,,,
1021,Bethany Lutheran Church,80,bethanycr.org,,Iowa,Cedar Rapids,,,Religious Institutions,475008.0,https://www.linkedin.com/company/bethany-lutheran-church_2,Tier 3,40,8,7.0,10,65.0,C - Moderate / nurture,,,,
1022,First Fidelity Bank,106,ffb-sd.com,,South Dakota,Burke,,,Banking,59108722.0,https://www.linkedin.com/company/first-fidelity-bank-burke-sd-,Tier 3,40,8,7.0,10,65.0,C - Moderate / nurture,,,,
1023,First Baptist Church of Jacksonville,107,fbcjax.com,,Florida,Jacksonville,125 W Ashley St,32202,Religious Institutions,778675.0,https://www.linkedin.com/company/first-baptist-church-of-jacksonville,Tier 3,40,8,7.0,10,65.0,C - Moderate / nurture,,,,
1024,North Montco Technical Career Center,77,nmtcc.org,,Pennsylvania,Lansdale,,,Primary and Secondary Education,34222331.0,https://www.linkedin.com/company/north-montco-technical-career-center,Tier 3,40,8,7.0,10,65.0,C - Moderate / nurture,,,,
1025,Southlake Christian Academy,71,southlakechristian.org,,North Carolina,Huntersville,,,Primary and Secondary Education,7989622.0,https://www.linkedin.com/company/southlake-christian-academy,Tier 3,40,8,7.0,10,65.0,C - Moderate / nurture,,,,
1026,Trinity Episcopal Church,101,trinitylexington.com,,Michigan,New Haven,,,Religious Institutions,601810.0,https://www.linkedin.com/company/trinity-episcopal-church_2,Tier 3,40,8,7.0,10,65.0,C - Moderate / nurture,,,,
1027,Delaware County Christian School,106,dccs.org,,Pennsylvania,Newtown Square,462 Malin Road,19073,Primary and Secondary Education,10928046.0,https://www.linkedin.com/company/delaware-county-christian-school,Tier 3,40,8,7.0,10,65.0,C - Moderate / nurture,,,,
1028,Washington Education Association,182,washingtonea.org,,District of Columbia,Auburn,32032 Weyerhaeuser Way South,,Primary and Secondary Education,16246856.0,https://www.linkedin.com/company/washingtonea,Tier 3,40,8,7.0,10,65.0,C - Moderate / nurture,,,,
1029,Alabama Shipyard,300,alabamashipyard.com,,Alabama,Mobile,660 Dunlap Drive,36602,Shipbuilding,64530654.0,https://www.linkedin.com/company/alabama-shipyard-llc,Tier 3,30,18,7.0,10,65.0,C - Moderate / nurture,,,,
1030,Therapeutic Alternatives,323,mytahome.com,,North Carolina,Randleman,4270 Heath Dairy Rd,27317,Wellness and Fitness Services,,https://www.linkedin.com/company/therapeutic-alternatives-inc.,Tier 3,30,20,7.0,8,65.0,C - Moderate / nurture,,,,
1031,Metalaire,338,metalaire.com,,Florida,,,,Construction,,https://www.linkedin.com/company/metal-industries-inc.,Tier 3,30,20,7.0,8,65.0,C - Moderate / nurture,,,,
1032,Conway Beam Truck Group,307,conwaybeam.com,,New York,Rochester,2654 W Henrietta Rd.,14609,Transportation Logistics Supply Chain and Storage,72462812.0,https://www.linkedin.com/company/conwaybeamtruckgroup,Tier 3,30,18,7.0,10,65.0,C - Moderate / nurture,,,,
1033,Packaging Concepts,318,packagingconceptsinc.com,,Missouri,St Louis,9832 Evergreen Industrial Dr,63123,Printing Services,1197571.0,https://www.linkedin.com/company/packaging-concepts-inc,Tier 3,30,18,7.0,10,65.0,C - Moderate / nurture,,,,
1034,Health Equity International,477,healthequityintl.org,,Massachusetts,Newton,40 Glen Avenue,2459,Hospitals,1657499.0,https://www.linkedin.com/company/health-equity-international,Tier 3,30,18,7.0,10,65.0,C - Moderate / nurture,,,,
1035,Mid Central Community Action,70,mccainc.org,,Illinois,Bloomington,,,Civic and Social Organizations,12989859.0,https://www.linkedin.com/company/mid-central-community-action,Tier 3,40,8,7.0,10,65.0,C - Moderate / nurture,,,,
1036,Greece Community Federal Credit Union,69,greecefcu.com,,New York,Rochester,,,Banking,1828705.0,https://www.linkedin.com/company/greece-community-federal-credit-union,Tier 3,40,8,7.0,10,65.0,C - Moderate / nurture,,,,
1037,Niles-maine District Library,68,nileslibrary.org,,Illinois,Niles,6960 West Oakton Street,60714,Libraries,1178645.0,https://www.linkedin.com/company/niles-public-library,Tier 3,40,8,7.0,10,65.0,C - Moderate / nurture,,,,
1038,North Salem State Bank,63,nssb.bank,,Indiana,North Salem,9 W KENTUCKY ST,46118,Banking,9083818.0,https://www.linkedin.com/company/northsalemstatebank,Tier 3,40,8,7.0,10,65.0,C - Moderate / nurture,,,,
1039,Mid-south Transplant Foundation,65,midsouthtransplant.org,,Tennessee,Memphis,,,Non-profit Organizations,3879913.0,https://www.linkedin.com/company/mid-south-transplant-foundation,Tier 3,40,8,7.0,10,65.0,C - Moderate / nurture,,,,
1040,First Baptist Church Brandon Ms,63,fbcbrandon.com,,Mississippi,Brandon,216 North Parsons Avenue,33510,Civic and Social Organizations,58833364.0,https://www.linkedin.com/company/first-baptist-church-brandon-ms,Tier 3,40,8,7.0,10,65.0,C - Moderate / nurture,,,,
1041,Central Minnesota Jobs and Training Services,65,cmjts.org,,Minnesota,Monticello,,,Non-profit Organizations,612280.0,https://www.linkedin.com/company/central-minnesota-jobs-and-training,Tier 3,40,8,7.0,10,65.0,C - Moderate / nurture,,,,
1042,Farmers & Merchants Bank Ne,110,bankfmb.com,,Nebraska,Milford,3015 2nd Ave,68847,Banking,16226794.0,https://www.linkedin.com/company/farmers-&-merchants-bank-ne,Tier 3,40,8,7.0,10,65.0,C - Moderate / nurture,,,,
1043,College Of The Ouachitas,83,asutr.edu,,Arkansas,Malvern,,,Higher Education,3686971.0,https://www.linkedin.com/company/college-of-the-ouachitas,Tier 3,40,8,7.0,10,65.0,C - Moderate / nurture,,,,
1044,Saint John's College,80,sjc.edu,,Connecticut,West Hartford,,,Higher Education,15251135.0,https://www.linkedin.com/company/saint-joseph-college,Tier 3,40,8,7.0,10,65.0,C - Moderate / nurture,,,,
1045,Cnb St Louis Bank,86,cnbstl.com,,Missouri,St Louis,7305 Manchester Road,63143,Banking,522070.0,https://www.linkedin.com/company/cnbstl,Tier 3,40,8,7.0,10,65.0,C - Moderate / nurture,,,,
1046,Camden Catholic High School,85,camdencatholic.org,,New Jersey,Cherry Hill,,,Higher Education,3953263.0,https://www.linkedin.com/company/camden-catholic-high-school,Tier 3,40,8,7.0,10,65.0,C - Moderate / nurture,,,,
1047,Senior Connections The Capital Area Agency On Aging,87,seniorconnections-va.org,,Virginia,Richmond,,,Non-profit Organizations,10964498.0,https://www.linkedin.com/company/senior-connections-the-capital-area-agency-on-aging,Tier 3,40,8,7.0,10,65.0,C - Moderate / nurture,,,,
1048,Wisconsin Technical College System,87,wtcsystem.edu,,Wisconsin,Madison,4622 University Ave.,53707,Education,1688988.0,https://www.linkedin.com/company/wisconsin-technical-college-system,Tier 3,40,8,7.0,10,65.0,C - Moderate / nurture,,,,
1049,Rutgers School Of Environmental and Biological Sciences,88,sebs.rutgers.edu,,New Jersey,New Brunswick,,,Higher Education,28595632.0,https://www.linkedin.com/company/rutgers-school-of-environmental-and-biological-sciences,Tier 3,40,8,7.0,10,65.0,C - Moderate / nurture,,,,
1050,Reach Academy Charter School,62,reachacademycharter.org,,New York,Buffalo,115 Ash Street,14204,Primary and Secondary Education,18870497.0,https://www.linkedin.com/company/reach-academy-charter-school,Tier 3,40,8,7.0,10,65.0,C - Moderate / nurture,,,,
1051,Infovisa,54,infovisa.com,,North Carolina,Davidson,11120 Treynorth Dr,28031,Banking,10438414.0,https://www.linkedin.com/company/infovisa-inc-,Tier 3,40,8,7.0,10,65.0,C - Moderate / nurture,,,,
1052,Art Academy Of Cincinnati,126,artacademy.edu,,Ohio,Cincinnati,[:],45202-1706,Higher Education,111193.0,https://www.linkedin.com/company/art-academy-of-cincinnati,Tier 3,40,8,7.0,10,65.0,C - Moderate / nurture,,,,
1053,Brown College,126,browncollege.edu,,Minnesota,St Paul,,,Higher Education,19907.0,https://www.linkedin.com/company/brown-college,Tier 3,40,8,7.0,10,65.0,C - Moderate / nurture,,,,
1054,Lincoln Children's Zoo,73,lincolnzoo.org,,Nebraska,Lincoln,1222 S 27Th St.,68502,Non-profit Organizations,1319967.0,https://www.linkedin.com/company/lincoln-children's-zoo,Tier 3,40,8,7.0,10,65.0,C - Moderate / nurture,,,,
1055,ALIVE!,74,alive-inc.org,,Virginia,Alexandria,2723 King Street,,Civic and Social Organizations,69244506.0,https://www.linkedin.com/company/alive4alexandria,Tier 3,40,8,7.0,10,65.0,C - Moderate / nurture,,,,
1056,WWBIC,74,wwbic.com,,Wisconsin,Milwaukee,,,Non-profit Organizations,1785288.0,https://www.linkedin.com/company/wwbic,Tier 3,40,8,7.0,10,65.0,C - Moderate / nurture,,,,
1057,Renaissance Academy Charter School Of The Arts,66,renacad.org,,New York,Rochester,,,Primary and Secondary Education,15493588.0,https://www.linkedin.com/company/renaissance-academy-charter-school-of-the-arts,Tier 3,40,8,7.0,10,65.0,C - Moderate / nurture,,,,
1058,Stuart Country Day School Of The Sacred Heart,121,stuartschool.org,,New Jersey,Princeton,,,Primary and Secondary Education,745922.0,https://www.linkedin.com/company/stuart-country-day-school-of-the-sacred-heart,Tier 3,40,8,7.0,10,65.0,C - Moderate / nurture,,,,
1059,Nashville Classical Charter School,59,nashvilleclassical.org,,Tennessee,Nashville,,,Primary and Secondary Education,3662223.0,https://www.linkedin.com/company/nashville-classical-charter-school,Tier 3,40,8,7.0,10,65.0,C - Moderate / nurture,,,,
1060,Save The Chimps,60,savethechimps.org,,Florida,Fort Pierce,Carole Noon Lane,34945,Non-profit Organizations,3068546.0,https://www.linkedin.com/company/save-the-chimps-inc,Tier 3,40,8,7.0,10,65.0,C - Moderate / nurture,,,,
1061,Ihs Global,56,ihsglobal.org,,Pennsylvania,Wayne,,,Religious Institutions,4807523.0,https://www.linkedin.com/company/ihs-global,Tier 3,40,8,7.0,10,65.0,C - Moderate / nurture,,,,
1062,National Ovarian Cancer Coalition,56,ovarian.org,,Texas,Dallas,3800 Maple Avenue,75219,Non-profit Organizations,978146.0,https://www.linkedin.com/company/national-ovarian-cancer-coalition,Tier 3,40,8,7.0,10,65.0,C - Moderate / nurture,,,,
1063,Northern Illinois Conference of The United Methodist Church,62,umcnic.org,,Illinois,Chicago,,,Religious Institutions,1068896.0,https://www.linkedin.com/company/northern-illinois-conference-of-the-united-methodist-church,Tier 3,40,8,7.0,10,65.0,C - Moderate / nurture,,,,
1064,I.e.smart Systems,22,artsystems.com,,Texas,Houston,15200 East Hardy Road,77032,Telecommunications,558698.0,https://www.linkedin.com/company/iesmartsystems-l.l.c.,Tier 3,18,30,7.0,10,65.0,C - Moderate / nurture,,,,
1065,University Club of Chicago,126,ucco.com,,,Chicago,76 East Monroe Street,60603,Civic and Social Organizations,123696.0,https://www.linkedin.com/company/university-club-of-chicago,Tier 3,40,8,7.0,10,65.0,C - Moderate / nurture,,,,
1066,Mclean High School,72,mcleanhs.fcps.edu,,Virginia,McLean,,,Primary and Secondary Education,33307943.0,https://www.linkedin.com/company/mclean-high-school,Tier 3,40,8,7.0,10,65.0,C - Moderate / nurture,,,,
1067,Campus Federal,157,campusfederal.org,,Louisiana,Baton Rouge,1501 Kings Hwy,71103,Banking,1803143.0,https://www.linkedin.com/company/campus-federal-credit-union,Tier 3,40,8,7.0,10,65.0,C - Moderate / nurture,,,,
1068,Newark Charter School,158,ncsfund.org,,Delaware,Newark,,,Higher Education,15653773.0,https://www.linkedin.com/company/newark-charter-school,Tier 3,40,8,7.0,10,65.0,C - Moderate / nurture,,,,
1069,Village Baptist Church,159,thevillagebc.church,,North Carolina,Fayetteville,906 South McPherson Church Road,28303,Religious Institutions,78246.0,https://www.linkedin.com/company/village-baptist-church,Tier 3,40,8,7.0,10,65.0,C - Moderate / nurture,,,,
1070,Immaculate Heart of Mary Parish,162,ihmparish.com,,Michigan,,,,Religious Institutions,1939930.0,https://www.linkedin.com/company/immaculate-heart-of-mary-parish,Tier 3,40,8,7.0,10,65.0,C - Moderate / nurture,,,,
1071,Dauphin County Tech School,130,dcts.org,,Pennsylvania,Harrisburg,,,Primary and Secondary Education,775464.0,https://www.linkedin.com/company/dauphin-county-tech-school,Tier 3,40,8,7.0,10,65.0,C - Moderate / nurture,,,,
1072,North Country Community College,166,nccc.edu,,New York,Saranac Lake,23 Santanoni Avenue,12983,Higher Education,836192.0,https://www.linkedin.com/company/north-country-community-college,Tier 3,40,8,7.0,10,65.0,C - Moderate / nurture,,,,
1073,Homeplus Mortgage Nmls 78669 Ca Dre Broker 01426454,52,homeplusmortgage.com,,Texas,San Antonio,2878 Camino del Rio South,92108,Banking,4457650.0,https://www.linkedin.com/company/homeplusmortgage,Tier 3,40,8,7.0,10,65.0,C - Moderate / nurture,,,,
1074,Fidelity Funding Mortgage Group Branch Nmls 2464767,52,fidelityfundingmortgage.com,,Florida,Maitland,,,Banking,304076.0,https://www.linkedin.com/company/fidelity-funding-mortgage-group,Tier 3,40,8,7.0,10,65.0,C - Moderate / nurture,,,,
1075,Rippowam Cisqua School,136,rcsny.org,,New York,Bedford,439 Cantitoe Street,10506,Primary and Secondary Education,6129520.0,https://www.linkedin.com/company/rippowam-cisqua-school,Tier 3,40,8,7.0,10,65.0,C - Moderate / nurture,,,,
1076,Help For Children,54,hfc.org,,New York,New York,330 7th Avenue,10001,Philanthropic Fundraising Services,250021.0,https://www.linkedin.com/company/hedge-funds-care,Tier 3,40,8,7.0,10,65.0,C - Moderate / nurture,,,,
1077,Mercy Academy,132,mercyacademy.com,,Kentucky,Louisville,5801 Fegenbush Ln,40228,Higher Education,929144.0,https://www.linkedin.com/company/our-lady-of-mercy-academy,Tier 3,40,8,7.0,10,65.0,C - Moderate / nurture,,,,
1078,Maine Community College System,135,me.edu,,Maine,Augusta,,,Higher Education,1284816.0,https://www.linkedin.com/company/maine-community-college-system,Tier 3,40,8,7.0,10,65.0,C - Moderate / nurture,,,,
1079,Shaker Heights Public Library,66,shakerlibrary.org,,Ohio,Cleveland,,44120,Libraries,1888302.0,https://www.linkedin.com/company/shaker-heights-public-library,Tier 3,40,8,7.0,10,65.0,C - Moderate / nurture,,,,
1080,North Reading Public Schools,143,north-reading.k12.ma.us,,Massachusetts,North Reading,,1864,Higher Education,6791713.0,https://www.linkedin.com/company/north-reading-public-schools,Tier 3,40,8,7.0,10,65.0,C - Moderate / nurture,,,,
1081,Empire Group Of Reading Pa,34,esreading.com,,Pennsylvania,Reading,,19601-1399,Specialty Trade Contractors,,https://www.linkedin.com/company/empireservices,Tier 3,32,18,7.0,8,65.0,C - Moderate / nurture,,,,
1082,Mcminn County Schools,150,mcminnschools.com,,Tennessee,Athens,,37303,Primary and Secondary Education,70775402.0,https://www.linkedin.com/company/mcminn-county-schools,Tier 3,40,8,7.0,10,65.0,C - Moderate / nurture,,,,
1083,Amboy Bank,239,amboybank.com,,New Jersey,Old Bridge,3590 US Highway 9,8857,Banking,360839.0,https://www.linkedin.com/company/amboybank,Tier 3,40,8,7.0,10,65.0,C - Moderate / nurture,,,,
1084,Uga Miracle,139,ugamiracle.org,,Georgia,Athens,,,Philanthropic Fundraising Services,2922086.0,https://www.linkedin.com/company/uga-miracle,Tier 3,40,8,7.0,10,65.0,C - Moderate / nurture,,,,
1085,Suny Sullivan,141,sunysullivan.edu,,New York,Loch Sheldrake,,,Higher Education,10887294.0,https://www.linkedin.com/company/suny-sullivan,Tier 3,40,8,7.0,10,65.0,C - Moderate / nurture,,,,
1086,Fic America,29,futabasangyo.com,,Illinois,Carol Stream,,60188-9422,Metalworking Machinery Manufacturing,,https://www.linkedin.com/company/futabanorthamerica,Tier 3,32,18,7.0,8,65.0,C - Moderate / nurture,,,,
1087,Unity World Headquarters At Unity Village,145,unity.org,,Missouri,Lees Summit,3597 Pkwy. Ln,30092,Religious Institutions,261964.0,https://www.linkedin.com/company/unity-world-headquarters-at-unity-village,Tier 3,40,8,7.0,10,65.0,C - Moderate / nurture,,,,
1088,Greenbrier Christian Academy,90,gcagators.org,,Virginia,Chesapeake,,,Primary and Secondary Education,8468815.0,https://www.linkedin.com/company/greenbrier-christian-academy,Tier 3,40,8,7.0,10,65.0,C - Moderate / nurture,,,,
1089,Great Oaks Career Campuses,211,greatoaks.com,,Ohio,Cincinnati,3254 East Kemper Road,45241,Higher Education,15132424.0,https://www.linkedin.com/company/greatoaks,Tier 3,40,8,7.0,10,65.0,C - Moderate / nurture,,,,
1090,University United Methodist Church,207,uchurch.tv,,Texas,San Antonio,2409 Guadalupe St,78205,Religious Institutions,617594.0,https://www.linkedin.com/company/university-united-methodist-church,Tier 3,40,8,7.0,10,65.0,C - Moderate / nurture,,,,
1091,CAFCU,91,cafcu.org,,Illinois,Elgin,2075 Big Timber Road,60123,Banking,54617.0,https://www.linkedin.com/company/cafcu,Tier 3,40,8,7.0,10,65.0,C - Moderate / nurture,,,,
1092,Waunakee High School,98,waunakee.k12.wi.us,,Wisconsin,Waunakee,,,Higher Education,34211842.0,https://www.linkedin.com/company/waunakee-high-school-88,Tier 3,40,8,7.0,10,65.0,C - Moderate / nurture,,,,
1093,Charter School Specialists,84,charterschoolspec.com,,District of Columbia,-,,,Education Administration Programs,1555040.0,https://www.linkedin.com/company/charter-school-specialists,Tier 3,40,8,7.0,10,65.0,C - Moderate / nurture,,,,
1094,BankORION,96,bankorion.com,,Illinois,Orion,1114 4th Street,61273,Banking,9937798.0,https://www.linkedin.com/company/bankorion,Tier 3,40,8,7.0,10,65.0,C - Moderate / nurture,,,,
1095,Sons of The American Revolution,84,sar.org,,Kentucky,Louisville,,,Civic and Social Organizations,35689023.0,https://www.linkedin.com/company/nssar,Tier 3,40,8,7.0,10,65.0,C - Moderate / nurture,,,,
1096,Tindley Accelerated Schools,96,tindley.org,,Indiana,Indianapolis,3960 Meadows Dr,46205,Primary and Secondary Education,3692829.0,https://www.linkedin.com/company/tindleyschools,Tier 3,40,8,7.0,10,65.0,C - Moderate / nurture,,,,
1097,Southern Scholarship Foundation,100,southernscholarship.org,,Florida,Tallahassee,322 Stadium Dr,32304,Philanthropic Fundraising Services,3485239.0,https://www.linkedin.com/company/southern-scholarship-foundation,Tier 3,40,8,7.0,10,65.0,C - Moderate / nurture,,,,
1098,Yellowstone Schools,90,yellowstoneschools.org,,Texas,Houston,3000 Trulley St Ste 200,77004,Primary and Secondary Education,35558778.0,https://www.linkedin.com/company/yellowstone-schools,Tier 3,40,8,7.0,10,65.0,C - Moderate / nurture,,,,
1099,Hand To Hold,30,handtohold.org,,Texas,Austin,"13740 Research Blvd, Austin, Texas, United States, 78750",78750,Non-profit Organizations,925730.0,https://www.linkedin.com/company/hand-to-hold,Tier 2,32,8,14.0,10,64.0,C - Moderate / nurture,,,,
1100,PeerForward,43,peerforward.org/,,District of Columbia,Washington,,,Civic and Social Organizations,10130830.0,https://www.linkedin.com/company/peerforward,Tier 2,32,8,14.0,10,64.0,C - Moderate / nurture,,,,
1101,State Cartographer's Office,94,sco.wisc.edu,,Wisconsin,,,,Education Administration Programs,,https://www.linkedin.com/company/state-cartographer%27s-office,Tier 3,40,8,7.0,8,63.0,C - Moderate / nurture,,,,
1102,Pineapple Cove Classical Academy,93,pineapplecoveclassicalacademy.com,,Florida,Palm Bay,,,Education,,https://www.linkedin.com/company/pineapple-cove-classical-academy-inc,Tier 3,40,8,7.0,8,63.0,C - Moderate / nurture,,,,
1103,Perry Central Community School District,150,pccs.k12.in.us,,Indiana,Leopold,18677 Old State Road 37,,Education,,https://www.linkedin.com/company/perry-central-jr-sr-high-school,Tier 3,40,8,7.0,8,63.0,C - Moderate / nurture,,,,
1104,School Of The Osage District,220,osageschools.org,,Missouri,Osage Beach,636 Highway 42,,Education Administration Programs,,https://www.linkedin.com/company/school-of-the-osage,Tier 3,40,8,7.0,8,63.0,C - Moderate / nurture,,,,
1105,Columbia Chamber of Commerce,89,comochamber.com,,Missouri,,,,Non-profit Organizations,,https://www.linkedin.com/company/columbia-chamber-of-commerce,Tier 3,40,8,7.0,8,63.0,C - Moderate / nurture,,,,
1106,Blue Mountain College,95,bmc.edu,,Mississippi,Blue Mountain,,38610,Higher Education,,https://www.linkedin.com/company/blue-mountain-college,Tier 3,40,8,7.0,8,63.0,C - Moderate / nurture,,,,
1107,North Star Academy Charter School of Newark,250,northstar.uncommonschools.org,,New Jersey,,,,Education Administration Programs,,https://www.linkedin.com/company/north-star-academy-college-preparatory-high-school,Tier 3,40,8,7.0,8,63.0,C - Moderate / nurture,,,,
1108,Healthcare Access Maryland,148,hcamaryland.org,,Maryland,Baltimore,201 East Baltimore Street,21202,Non-profit Organizations,,https://www.linkedin.com/company/healthcare-access-maryland,Tier 3,40,8,7.0,8,63.0,C - Moderate / nurture,,,,
1109,EAST MARSHALL COMMUNITY SCHOOL DISTRICT,150,emmustangs.org,,Iowa,Gilman,204 W Center St,,Primary and Secondary Education,,https://www.linkedin.com/company/east-marshall-senior-high-school,Tier 3,40,8,7.0,8,63.0,C - Moderate / nurture,,,,
1110,Versailles Exempted Village School,149,versailles.k12.oh.us,,Ohio,Versailles,459 S Center St,,Education,,https://www.linkedin.com/company/versailles-high-school-28,Tier 3,40,8,7.0,8,63.0,C - Moderate / nurture,,,,
1111,State Bank of Lizton,115,statebank1910.bank,,Indiana,Avon,8598 E Us Hwy 36,46123,Banking,,https://www.linkedin.com/company/statebank1910,Tier 3,40,8,7.0,8,63.0,C - Moderate / nurture,,,,
1112,PRHS,62,pemibaker.org,,New Hampshire,,,,Education,,https://www.linkedin.com/company/prhs,Tier 3,40,8,7.0,8,63.0,C - Moderate / nurture,,,,
1113,CARD,86,card.miami.edu,,Florida,,,,Non-profit Organizations,,https://www.linkedin.com/company/um-nsu-card,Tier 3,40,8,7.0,8,63.0,C - Moderate / nurture,,,,
1114,St Teresa High School,87,stteresa.org,,Illinois,Decatur,,,Education Administration Programs,,https://www.linkedin.com/company/st-teresa-high-school,Tier 3,40,8,7.0,8,63.0,C - Moderate / nurture,,,,
1115,Highlander Charter School,88,highlandercharter.org,,Rhode Island,Providence,42 Lexington Avenue,2907,Education Administration Programs,,https://www.linkedin.com/company/highlander-charter-school,Tier 3,40,8,7.0,8,63.0,C - Moderate / nurture,,,,
1116,Notre Dame High School,83,notredamehs.com,,Connecticut,West Haven,,,Education Administration Programs,,https://www.linkedin.com/school/notre-dame-high-school-west-haven-ct,Tier 3,40,8,7.0,8,63.0,C - Moderate / nurture,,,,
1117,Otto Eldred School District,100,ottoeldred.org,,Pennsylvania,Duke Center,143 Sweitzer Dr,,Education,,https://www.linkedin.com/company/otto-eldred-high-school,Tier 3,40,8,7.0,8,63.0,C - Moderate / nurture,,,,
1118,Challenge Charter Schools,106,challengecharterschools.org,,New York,New York,,,Education Administration Programs,,https://www.linkedin.com/company/challenge-preparatory,Tier 3,40,8,7.0,8,63.0,C - Moderate / nurture,,,,
1119,School For Amazing Kids,75,amazingkids.us,,Alabama,Pelham,901 Dow Street,35124,Education Administration Programs,,https://www.linkedin.com/company/school-for-amazing-kids,Tier 3,40,8,7.0,8,63.0,C - Moderate / nurture,,,,
1120,Henrietta Independent School District,175,henrietta-isd.net,,Texas,Henrietta,1801 E Crafton St,,Education,,https://www.linkedin.com/company/henrietta-high-school,Tier 3,40,8,7.0,8,63.0,C - Moderate / nurture,,,,
1121,Hartford Public School District,190,hpsmi.org,,Michigan,Hartford,115 School St,,Education Administration Programs,,https://www.linkedin.com/company/hartford-high-school-13,Tier 3,40,8,7.0,8,63.0,C - Moderate / nurture,,,,
1122,NYC 1294 Third Avenue Bakery LLC,193,avenuechurchnyc.org,,New York,New York,1294 3Rd Ave,,Education,,https://www.linkedin.com/company/jan-hus-presbyterian-church,Tier 3,40,8,7.0,8,63.0,C - Moderate / nurture,,,,
1123,Sublette Usd 374,61,usd374.org,,Kansas,Sublette,,,Education Administration Programs,,https://www.linkedin.com/company/sublette-usd-374/,Tier 3,40,8,7.0,8,63.0,C - Moderate / nurture,,,,
1124,Sandy Valley Local School District,165,sandyvalleylocal.org,,Ohio,Magnolia,5362 State Route 183 Ne,,Education,,https://www.linkedin.com/company/sandy-valley-high-school-03,Tier 3,40,8,7.0,8,63.0,C - Moderate / nurture,,,,
1125,Adams Central Community School,160,accs.k12.in.us,,Indiana,Monroe,222 W Washington St,,Education,,https://www.linkedin.com/company/adams-central-high-school-77,Tier 3,40,8,7.0,8,63.0,C - Moderate / nurture,,,,
1126,TFed - Taunton Federal Credit Union,52,tfed.com,,Massachusetts,,,,Banking,,https://www.linkedin.com/company/taunton-federal-credit-union,Tier 3,40,8,7.0,8,63.0,C - Moderate / nurture,,,,
1127,Calico Rock School District,135,pirates.k12.ar.us,,Arkansas,Calico Rock,301 College St,,Education,,https://www.linkedin.com/company/calico-rock-high-school,Tier 3,40,8,7.0,8,63.0,C - Moderate / nurture,,,,
1128,Legacy Church,128,legacychurch.cc,,District of Columbia,,,,Non-profit Organizations,,https://www.linkedin.com/company/legacy-church,Tier 3,40,8,7.0,8,63.0,C - Moderate / nurture,,,,
1129,Radford City Schools,168,rcps.org,,Virginia,Radford,151 George St,24141,Education Administration Programs,,https://www.linkedin.com/company/radford-city-public-schools,Tier 3,40,8,7.0,8,63.0,C - Moderate / nurture,,,,
1130,Evergreen Beauty College,154,evergreenbeauty.edu,,District of Columbia,,,,Higher Education,,https://www.linkedin.com/company/evergreen-beauty-college,Tier 3,40,8,7.0,8,63.0,C - Moderate / nurture,,,,
1131,EASTLAND INDEPENDENT SCHOOL DISTRICT PUBLIC FACILITY CORPORATION,195,eastlandisd.net,,Texas,Eastland,900 W Plummer St,,Education,,https://www.linkedin.com/company/eastland-high-school,Tier 3,40,8,7.0,8,63.0,C - Moderate / nurture,,,,
1132,"Thomas E. Sears, Inc.",52,thomasesmithfoundation.org,,Massachusetts,Boston,10 High St Ste 1001,,Non-profit Organizations,,https://www.linkedin.com/company/the-thomas-e-smith-foundation,Tier 3,40,8,7.0,8,63.0,C - Moderate / nurture,,,,
1133,Hillsdale Local School District,126,hillsdale.k12.oh.us,,Ohio,Jeromesville,479 Township Road 1902,,Education,,https://www.linkedin.com/company/hillsdale-high-school-12,Tier 3,40,8,7.0,8,63.0,C - Moderate / nurture,,,,
1134,East Jasper School District,56,eastjasper.k12.ms.us,,Mississippi,Heidelberg,,39439,Education Administration Programs,,https://www.linkedin.com/company/east-jasper-school-district,Tier 3,40,8,7.0,8,63.0,C - Moderate / nurture,,,,
1135,Mary Help Of Christians Catholic School,107,mhocschool.org,,Florida,Pompano Beach,,,Education Administration Programs,,https://www.linkedin.com/company/mary-help-of-christians-catholic-school,Tier 3,40,8,7.0,8,63.0,C - Moderate / nurture,,,,
1136,Whiteface Consolidated Independent School District,70,whitefaceschool.net,,Texas,Whiteface,2Nd & Arthur Street,,Education Administration Programs,,https://www.linkedin.com/company/whiteface-high-school,Tier 3,40,8,7.0,8,63.0,C - Moderate / nurture,,,,
1137,Mooreland Public School District,70,mooreland.k12.ok.us,,Oklahoma,Mooreland,Sw 6Th & Elm St,,Education,,https://www.linkedin.com/company/mooreland-high-school,Tier 3,40,8,7.0,8,63.0,C - Moderate / nurture,,,,
1138,TAYLOR COUNTY SCHOOLS,69,taylorcountyboe.net,,West Virginia,Grafton,71 Utt Dr,,Education,,https://www.linkedin.com/company/grafton-high-school-00,Tier 3,40,8,7.0,8,63.0,C - Moderate / nurture,,,,
1139,Memphis Rise Academy,67,memphisrise.org,,Tennessee,Memphis,,,Education,,https://www.linkedin.com/company/memphis-rise-academy-inc,Tier 3,40,8,7.0,8,63.0,C - Moderate / nurture,,,,
1140,Ft. Larned Usd 495,59,usd495.com,,Kansas,Larned,,,Education,,https://www.linkedin.com/company/fort-larned-usd-495,Tier 3,40,8,7.0,8,63.0,C - Moderate / nurture,,,,
1141,First Federal Savings & Loan Association,57,firstwithus.com,,Mississippi,Pascagoula,903 Jackson Ave,,Banking,,https://www.linkedin.com/company/first-federal-savings-loan-association,Tier 3,40,8,7.0,8,63.0,C - Moderate / nurture,,,,
1142,Bellevue Community Schools,61,bellevue-schools.com,,Michigan,Bellevue,,,Education,,https://www.linkedin.com/school/bellevue-jr-sr-high-school,Tier 3,40,8,7.0,8,63.0,C - Moderate / nurture,,,,
1143,Our Lady Of Mount Carmel Catholic School,55,olmcschool.org,,Indiana,Carmel,,,Education Administration Programs,,https://www.linkedin.com/company/our-lady-of-mount-carmel-elementary-school,Tier 3,40,8,7.0,8,63.0,C - Moderate / nurture,,,,
1144,National Flight Academy,49,nationalflightacademy.com,,Florida,Pensacola,,,Education Administration Programs,,https://www.linkedin.com/company/national-flight-academy/,Tier 2,32,8,14.0,8,62.0,C - Moderate / nurture,,,,
1145,Tbg The Bachrach Group,6,bachrachgroup.com,,New York,New York,1430 Broadway,10018,Staffing and Recruiting,38117.0,https://www.linkedin.com/company/the-bachrach-group,Tier 2,8,30,14.0,10,62.0,C - Moderate / nurture,,,,
1146,AC4S,812,ac4s.com,,Florida,,,,IT Services and IT Consulting,61754.0,https://www.linkedin.com/company/ac4s,Tier 3,15,30,7.0,10,62.0,C - Moderate / nurture,,,,
1147,Nyc Digital Solutions,9,nycdigitalsolutions.net,,Virginia,Alexandria,5214 Dover Place,22311,IT Services and IT Consulting,,https://www.linkedin.com/company/nyc-digital-solutions,Tier 2,8,30,14.0,8,60.0,C - Moderate / nurture,,,,
1148,Apex Oil Co,622,apexoil.com,,Missouri,St Louis,"8235 Forsyth Blvd, Ste 400",63105,Oil and Gas,6785414.0,https://www.linkedin.com/company/apex-oil-co,Tier 2,15,20,14.0,10,59.0,C - Moderate / nurture,,,,
1149,Bernie Moreno Companies,580,berniemoreno.com,,Ohio,Brook Park,,,Motor Vehicle Manufacturing,1489123.0,https://www.linkedin.com/company/collection-auto-group,Tier 2,15,20,14.0,10,59.0,C - Moderate / nurture,,,,
1150,University Of Texas Institute For Geophysics,72,ig.utexas.edu,,Texas,Austin,,,Higher Education,688714.0,https://www.linkedin.com/company/utgeophysics,Tier 4,40,8,0.0,10,58.0,C - Moderate / nurture,,,,
1151,Stavros,67,stavros.org,,Wisconsin,West Salem,,54669,Civic and Social Organizations,5633941.0,https://www.linkedin.com/company/stavros-inc,Tier 4,40,8,0.0,10,58.0,C - Moderate / nurture,,,,
1152,"Value Logistics, INC.",537,valueloads.com,,Georgia,Smyrna,49 Brewery St,,Transportation Logistics Supply Chain and Storage,14596067.0,https://www.linkedin.com/company/value-logistics-inc,Tier 2,15,18,14.0,10,57.0,C - Moderate / nurture,,,,
1153,Babcock Center,679,babcockcenter.org,,South Carolina,West Columbia,2725 Banny Jones Avenue,29170,Community Services,22345773.0,https://www.linkedin.com/company/babcock-center,Tier 2,15,18,14.0,10,57.0,C - Moderate / nurture,,,,
1154,Lornamead,850,lornameadna.com,,New York,Buffalo,1359 Broadway Fl 17,10018,Chemical Manufacturing,69848.0,https://www.linkedin.com/company/lornamead,Tier 2,15,18,14.0,10,57.0,C - Moderate / nurture,,,,
1155,Christian Motorcyclists Association,30,cmausa.org,,Arkansas,Hatfield,4278 Hwy 71 S,71945,Religious Institutions,217386.0,https://www.linkedin.com/company/christian-motorcyclists-association,Tier 3,32,8,7.0,10,57.0,C - Moderate / nurture,,,,
1156,Alliance Group Services,1,agusa.com,,Vermont,Essex Junction,6 David Dr,5452,Building Equipment Contractors,,https://www.linkedin.com/company/agusa,Tier 1,8,20,20.0,8,56.0,C - Moderate / nurture,,,,
1157,Montezuma Community School District,80,montezuma-schools.org,,Iowa,Montezuma,504 N 4Th St,,Education,,https://www.linkedin.com/company/montezuma-high-school,Tier 4,40,8,0.0,8,56.0,C - Moderate / nurture,,,,
1158,Patriot Electric,18,patriotelectriccorp.com,,New York,Queens,,,Construction,9836530.0,https://www.linkedin.com/company/patriot-electric-corp,Tier 3,18,20,7.0,10,55.0,C - Moderate / nurture,,,,
1159,Pharos Academy Charter School,47,pharosacademies.org/people,,New York,The Bronx,,10459,Primary and Secondary Education,,https://www.linkedin.com/company/pharos-academy,Tier 3,32,8,7.0,8,55.0,C - Moderate / nurture,,,,
1160,Lionchase North America,2,lionchase.com,,District of Columbia,Washington,1300 I Street Northwest,20005,Investment Management,71265329.0,https://www.linkedin.com/company/lionchase-north-america,Tier 3,8,30,7.0,10,55.0,C - Moderate / nurture,,,,
1161,Orthopaedic Surgery Associates,13,ortho-surgeon.com,,Florida,Boca Raton,2828 S Seacrest Blvd. Ste. 204,33435,Medical Practices,9401697.0,https://www.linkedin.com/company/orthopaedic-surgery-associates-inc./,Tier 3,18,20,7.0,10,55.0,C - Moderate / nurture,,,,
1162,Spelman Johnson Education Non-profit Independent School and College Athletics Executive Search,2,spelmanandjohnson.com,,Massachusetts,Easthampton,,,Staffing and Recruiting,994745.0,https://www.linkedin.com/company/sjg-the-spelman-&-johnson-group,Tier 3,8,30,7.0,10,55.0,C - Moderate / nurture,,,,
1163,Grand Realty,16,grandrealty.net,,Florida,Milton,,,Real Estate,9129575.0,https://www.linkedin.com/company/grand-realty,Tier 3,18,20,7.0,10,55.0,C - Moderate / nurture,,,,
1164,Little Rock Christian Academy,258,littlerockchristian.com,,Arkansas,Little Rock,19010  CANTRELL RD,72223,Education Administration Programs,,https://www.linkedin.com/company/little-rock-christian-academy,Tier 3,30,8,7.0,8,53.0,D - Low priority,,,,
1165,Illinois State University-mennonite College Of Nursing,364,nursing.illinoisstate.edu,,District of Columbia,,,,Higher Education,,https://www.linkedin.com/company/illinois-state-university-mennonite-college-of-nursing,Tier 3,30,8,7.0,8,53.0,D - Low priority,,,,
1166,West Salem School District,315,wsalem.k12.wi.us,,Wisconsin,West Salem,405 Hamlin St E,54669,Education,,https://www.linkedin.com/company/west-salem-high-school-47,Tier 3,30,8,7.0,8,53.0,D - Low priority,,,,
1167,Forex Factory,3,forexfactory.com,,Florida,Tampa,,,Capital Markets,,https://www.linkedin.com/company/forex-factory,Tier 3,8,30,7.0,8,53.0,D - Low priority,,,,
1168,Summer Hill,9,summerhillinc.com,,District of Columbia,Hamilton,,,Investment Management,,https://www.linkedin.com/company/summer-hill,Tier 3,8,30,7.0,8,53.0,D - Low priority,,,,
1169,Vestals Catering,20,vestalscatering.com,,Texas,Dallas,601 North Haskell Ave.,75246,Hospitality,,https://www.linkedin.com/company/vestals-catering,Tier 3,18,20,7.0,8,53.0,D - Low priority,,,,
1170,Wellness Works,22,wellnessworks.com,,Texas,,,,Wellness and Fitness Services,,https://www.linkedin.com/company/wellness-works,Tier 3,18,20,7.0,8,53.0,D - Low priority,,,,
1171,Coffeyville Usd 445,375,cvilleschools.com,,Kansas,Coffeyville,615 South Ellis Street,67357,Education Administration Programs,,https://www.linkedin.com/company/usd-445/about/,Tier 3,30,8,7.0,8,53.0,D - Low priority,,,,
1172,VSR,2200,nccgroup.com,,Massachusetts,Boston,,,Data Security Software Products,1015728.0,https://www.linkedin.com/company/vsr,Tier 3,5,30,7.0,10,52.0,D - Low priority,,,,
1173,Palmetto Elementary School,6556,polkschoolsfl.com,,Florida,West Palm Beach,,,Financial Services,8590241.0,https://www.linkedin.com/company/palmetto-elementary-school,Tier 3,5,30,7.0,10,52.0,D - Low priority,,,,
1174,Duval Landscape Maintenance,2,duvallandscape.com,,Florida,Jacksonville,7011 Business Park Blvd N,32256,Facilities Services,,https://www.linkedin.com/company/duval-landscape-maintenance,Tier 2,8,20,14.0,8,50.0,D - Low priority,,,,
1175,Enterprise Properties,3,enterprise-properties.com,,Nebraska,Omaha,10220 F St,68108,Building Structure and Exterior Contractors,739333.0,https://www.linkedin.com/company/enterprise-properties-inc,Tier 2,8,18,14.0,10,50.0,D - Low priority,,,,
1176,EuroBank,12,eurobankfl.com,,Florida,,,,Banking,1507114.0,https://www.linkedin.com/company/eurobank.,Tier 2,18,8,14.0,10,50.0,D - Low priority,,,,
1177,Conair,2012,conair.com,,Connecticut,Stamford,150 Milford Rd,8520,Manufacturing,13315.0,https://www.linkedin.com/company/conair-corporation,Tier 2,5,20,14.0,10,49.0,D - Low priority,,,,
1178,Monroe Public Schools,1,monroe.k12.mi.us,,Michigan,Monroe,,48162-3196,School Districts (elementary or secondary),,https://www.linkedin.com/company/monroe-wa-schools,Tier 2,8,18,14.0,8,48.0,D - Low priority,,,,
1179,Gateway Dealer Network,523,www.bobcatgdn.com,,Missouri,Valley Park,401 W Outer Rd,63088,Retail Building Materials and Garden Equipment,,https://www.linkedin.com/company/gatewaydealer,Tier 3,15,18,7.0,8,48.0,D - Low priority,,,,
1180,Scag Power Equipment,5,scag.com,,Wisconsin,Mayville,,,Machinery Manufacturing,3524420.0,https://www.linkedin.com/company/scag-power-equipment,Tier 3,8,20,7.0,10,45.0,D - Low priority,,,,
1181,Focus Studio,1,adelaidefocus.com.au,,New Jersey,Berkeley Heights,,,Wholesale Furniture and Home Furnishings,11159191.0,https://www.linkedin.com/company/focus-studio,Tier 3,8,18,7.0,10,43.0,D - Low priority,,,,
1182,Dahl Automotive,3,dahlauto.com,,Wisconsin,Onalaska,712 4th Street South,54603,Retail Motor Vehicles,3135690.0,https://www.linkedin.com/company/dahl-automotive,Tier 3,8,18,7.0,10,43.0,D - Low priority,,,,
1183,Saints Peter and Paul Parish,24,sspeterandpaul.net,,Illinois,Naperville,,,Religious Institutions,831749.0,https://www.linkedin.com/company/saints-peter-and-paul-parish,Tier 3,18,8,7.0,10,43.0,D - Low priority,,,,
1184,Digiorgio Mushroom,1,giorgiofoods.com,,Pennsylvania,Reading,,19605,Food and Beverage Manufacturing,,https://www.linkedin.com/company/giorgio-foods-inc-,Tier 3,8,18,7.0,8,41.0,D - Low priority,,,,
1185,Halifax Media Group,6,halifaxmediagroup.com,,Florida,Daytona Beach,,32119-8720,Publishing,,https://www.linkedin.com/company/halifax-media-group-llc,Tier 3,8,18,7.0,8,41.0,D - Low priority,,,,
1186,Cape May County Special Services,21,cmcspecialservices.org,,New Jersey,Cape May Court House,4 Moore Road,8210,Education,,https://www.linkedin.com/company/cape-may-county-special-services,Tier 3,18,8,7.0,8,41.0,D - Low priority,,,,
1187,Center For Inspired Teaching,21,inspiredteaching.org,,District of Columbia,Washington,200 Douglas St NE,20002,Education,,https://www.linkedin.com/company/center-for-inspired-teaching,Tier 3,18,8,7.0,8,41.0,D - Low priority,,,,
1188,Holy Redeemer Health Systems,6247,dnb.com,,Pennsylvania,Philadelphia,,,Outpatient Care Centers,58819451.0,https://www.linkedin.com/company/holy-redeemer-health-systems-inc,Tier 3,5,18,7.0,10,40.0,D - Low priority,,,,
1189,FACEBANK,1,facebank.pr,,Puerto Rico,Guaynabo,,,Banking,2126179.0,https://www.linkedin.com/company/facebankinternational,Tier 2,8,8,14.0,10,40.0,D - Low priority,,,,
1190,Fayette Resources,700,fayetteresources.org,,Pennsylvania,Lemont Furnace,1313 CONNELLSVILLE Rd.,15456-9417,Higher Education,,https://www.linkedin.com/company/fayette-resources-inc.,Tier 3,15,8,7.0,8,38.0,D - Low priority,,,,
1191,Movement School,4,movementschools.org,,North Carolina,Charlotte,5249 Central Ave,28212,Primary and Secondary Education,27200701.0,https://www.linkedin.com/company/movement-school,Tier 3,8,8,7.0,10,33.0,D - Low priority,,,,
1192,BIMI,7,childers2grenada.org,,Tennessee,,,,Religious Institutions,7149844.0,https://www.linkedin.com/company/bimi,Tier 3,8,8,7.0,10,33.0,D - Low priority,,,,
1193,Skillfly,4,www.skillfly.co,,Arkansas,Searcy,2513 South Main Street,72143,,,,,8,12,7.0,2,29.0,D - Low priority,,,,
1194,Dover-sherborn High School,3150,doversherborn.org,,Massachusetts,Dover,157 Farm Street,2030,Education Administration Programs,,https://www.linkedin.com/company/dover-sherborn-high-school,Tier 3,5,8,7.0,8,28.0,D - Low priority,,,,
